{"type":"FeatureCollection", "features": [
{"type":"Feature","geometry":{"type":"MultiPolygon","coordinates":[[[[37.3093392,55.7959742],[37.3126617,55.7956909],[37.3213108,55.7961286],[37.3115333,55.7925879],[37.3148423,55.7887628],[37.3128271,55.7863845],[37.3283121,55.781108],[37.322415,55.7769447],[37.3153018,55.7746034],[37.3108516,55.7754361],[37.3084937,55.7705913],[37.3127565,55.769081],[37.3189369,55.7695065],[37.3207023,55.7668207],[37.3322475,55.767984],[37.3323016,55.7719341],[37.3403335,55.7704036],[37.3444969,55.7685981],[37.3470671,55.7695512],[37.3524395,55.7737624],[37.3522319,55.7780272],[37.3603782,55.7830006],[37.3616346,55.7850581],[37.3705101,55.7880302],[37.3680103,55.7899212],[37.3578174,55.7925683],[37.3486793,55.7964211],[37.352094,55.797147],[37.3538935,55.798865],[37.3594884,55.8012546],[37.3582767,55.8032658],[37.3494535,55.8064784],[37.3427758,55.8051114],[37.3361042,55.8020658],[37.334486,55.7996108],[37.32179,55.8007522],[37.3147699,55.7992573],[37.3102961,55.7976755],[37.3093392,55.7959742]]],[[[37.3653882,55.7718121],[37.3685378,55.7688578],[37.3686078,55.7669409],[37.366306,55.7646072],[37.368489,55.7625565],[37.3683119,55.75013],[37.3689477,55.745982],[37.3772042,55.7290798],[37.3819089,55.728704],[37.3916049,55.7298771],[37.4135313,55.7270411],[37.440094,55.7268091],[37.4476114,55.7269112],[37.4452009,55.7323871],[37.4434467,55.7342407],[37.4379546,55.7372586],[37.4394908,55.7397079],[37.4332033,55.7426361],[37.4314399,55.7457838],[37.426586,55.7477294],[37.4220752,55.7448262],[37.3818603,55.7642238],[37.3653882,55.7718121]]],[[[37.2982173,55.7976281],[37.3023539,55.7986335],[37.3035641,55.8035588],[37.2986365,55.8034501],[37.290502,55.8019897],[37.2932645,55.7980647],[37.2982173,55.7976281]]],[[[37.0985902,55.7435095],[37.0924909,55.7436487],[37.0897839,55.7413193],[37.0858717,55.741638],[37.081503,55.7361524],[37.0796637,55.7357381],[37.082354,55.7325818],[37.0871812,55.7308929],[37.0913412,55.7302886],[37.0943494,55.7287203],[37.0962655,55.73171],[37.1032833,55.7326267],[37.1076652,55.7347674],[37.1124987,55.7332171],[37.1158835,55.7361734],[37.1194743,55.734789],[37.1203158,55.7317722],[37.1145485,55.7279445],[37.1112407,55.7267132],[37.104137,55.7264495],[37.1017724,55.7256202],[37.0969849,55.7261353],[37.0950375,55.7282274],[37.0884741,55.72737],[37.0809928,55.7280767],[37.0737775,55.7301381],[37.070237,55.7290194],[37.0691643,55.7234714],[37.0645853,55.7231905],[37.0548139,55.7236971],[37.0488262,55.7213876],[37.0542571,55.720357],[37.0525396,55.7183531],[37.0450206,55.7186598],[37.0426585,55.7210281],[37.0465689,55.7212581],[37.0477575,55.723524],[37.0467747,55.7268231],[37.038907,55.7316322],[37.0297623,55.7322119],[37.0266403,55.7342378],[37.0219665,55.7349139],[37.0242715,55.7408832],[37.0238426,55.7429299],[37.0163334,55.7462604],[37.0114797,55.746542],[37.0064816,55.7452288],[37.0013729,55.7416572],[36.9992755,55.7422746],[37.0009544,55.7449905],[37.0079392,55.7477496],[37.0045814,55.7485672],[36.993349,55.7469535],[36.9920502,55.7447089],[36.9850081,55.7454836],[36.9888469,55.7486136],[36.9845415,55.7502597],[36.9873075,55.7517866],[36.9869564,55.7546642],[36.9827135,55.7576446],[36.9836419,55.758684],[36.9787545,55.7604866],[36.974935,55.7572142],[36.9807915,55.7559098],[36.9772476,55.7511678],[36.9718338,55.7521907],[36.9703896,55.7495426],[36.9669592,55.7474575],[36.9644145,55.7476768],[36.9581946,55.7512045],[36.9563714,55.7538494],[36.9593587,55.755276],[36.9706585,55.7557498],[36.9718082,55.757945],[36.968056,55.7600373],[36.9332186,55.7544071],[36.931915,55.7526014],[36.9285044,55.7511747],[36.9210193,55.7465802],[36.9159827,55.7466723],[36.9080791,55.7487516],[36.9077905,55.7473194],[36.9028742,55.7449123],[36.8997474,55.7453672],[36.8985833,55.7418064],[36.9015629,55.7324086],[36.9093029,55.7320917],[36.9141952,55.7328392],[36.9177549,55.7320781],[36.9208708,55.732897],[36.9237123,55.7368148],[36.9162379,55.7369018],[36.910926,55.7362016],[36.9101722,55.7386876],[36.9067721,55.7386015],[36.9047674,55.7413271],[36.9078119,55.7414258],[36.9106168,55.7384593],[36.9111845,55.7362718],[36.9162043,55.7369542],[36.9240219,55.7368892],[36.9331864,55.7426073],[36.9346228,55.744643],[36.937655,55.7539187],[36.9436315,55.7546611],[36.94566,55.7512278],[36.9484381,55.7500398],[36.944602,55.7482261],[36.9453832,55.7455499],[36.941123,55.7423217],[36.9408813,55.7390788],[36.9360069,55.7395585],[36.9352279,55.7371427],[36.9460306,55.7367582],[36.9476722,55.7317613],[36.9619978,55.7327527],[36.9638402,55.7361599],[36.9719209,55.7380879],[36.9763911,55.7384217],[36.9743208,55.7411057],[36.9775837,55.7421556],[36.9813821,55.7386657],[36.9839527,55.7385296],[36.9895569,55.734738],[36.9943818,55.7380177],[37.0025452,55.7398403],[37.0056864,55.7396562],[37.0031706,55.7351713],[36.9993559,55.7383563],[36.9908558,55.7334623],[36.9935544,55.7315609],[36.9849746,55.7273343],[36.9839163,55.7295502],[36.9806645,55.7321126],[36.9797216,55.7347561],[36.9738432,55.7362565],[36.9652517,55.7354494],[36.9632698,55.7337161],[36.9622211,55.7279574],[36.9668969,55.7280549],[36.977403,55.7235146],[36.9815688,55.7225447],[36.9909877,55.7190929],[36.9975877,55.7196673],[37.0003585,55.7232599],[37.0060733,55.7253243],[37.0093235,55.7229842],[37.0083235,55.7198193],[37.0119699,55.7202906],[37.0127999,55.7185663],[37.0116706,55.7158647],[37.0173715,55.7156616],[37.0148396,55.7107633],[37.0229192,55.7101071],[37.0206459,55.7069193],[37.0094324,55.7074907],[37.0132216,55.7121589],[37.0110243,55.7152286],[37.005058,55.715447],[36.9995067,55.7134466],[37.000017,55.711561],[37.0033641,55.7107485],[37.0002415,55.7078854],[36.9975067,55.711059],[36.997908,55.712477],[36.9920438,55.7120899],[37.0041736,55.7054131],[37.0172354,55.7053671],[37.0201063,55.7067931],[37.0344352,55.7066217],[37.0352703,55.7075022],[37.0291475,55.7118178],[37.0338403,55.7139869],[37.035394,55.7110656],[37.0399688,55.7088433],[37.0523028,55.7093122],[37.0566082,55.7106862],[37.0591818,55.7134016],[37.0596388,55.7175692],[37.0616544,55.7203735],[37.0679025,55.7228781],[37.0788462,55.7154165],[37.0963994,55.7155826],[37.1041179,55.7163682],[37.1076668,55.7156382],[37.1120866,55.7170626],[37.1167376,55.7199401],[37.1230623,55.7212047],[37.1192708,55.7238235],[37.1277753,55.7280823],[37.121588,55.7338884],[37.1220161,55.7348608],[37.1169218,55.736586],[37.1067573,55.7418316],[37.0985902,55.7435095]]],[[[37.3850513,55.8093072],[37.3774474,55.8126881],[37.3738627,55.8125917],[37.3720858,55.8033929],[37.3738014,55.8035562],[37.3793519,55.8091719],[37.3849555,55.8090616],[37.3850513,55.8093072]]]]},"properties":{"addr:country":"RU","addr:region":"Москва","admin_level":"8","alt_name":"муниципальный округ Кунцево","boundary":"administrative","description":"район — административно-территориальная единица; муниципальный округ — тип муниципального образования (с 1 июля 2012)","name":"район Кунцево","name:ca":"Districte de Kúntsevo","name:en":"Kuntsevo District","name:ru":"район Кунцево","name:uk":"Район Кунцеве","official_status":"ru:внутригородская территория города федерального значения","type":"boundary","wikidata":"Q155102","wikipedia":"ru:Кунцево (район Москвы)","id":"relation/226927"},"id":"relation/226927"},
{"type":"Feature","geometry":{"type":"Polygon","coordinates":[[[37.3653882,55.7718121],[37.3818603,55.7642238],[37.4220752,55.7448262],[37.426586,55.7477294],[37.4293978,55.7493666],[37.4330442,55.7500589],[37.4369216,55.7492638],[37.4392216,55.7505309],[37.4530833,55.753888],[37.4576323,55.75582],[37.4634259,55.7601907],[37.4645205,55.7623834],[37.4639901,55.7657713],[37.4552656,55.7741771],[37.4506431,55.7768688],[37.4454867,55.7768773],[37.4362176,55.7744065],[37.4307464,55.774173],[37.4085801,55.7757622],[37.4018275,55.7717981],[37.3982596,55.7711769],[37.3867388,55.7709266],[37.3834025,55.7721825],[37.3708646,55.7710135],[37.3688853,55.7730383],[37.3653882,55.7718121]]]},"properties":{"addr:country":"RU","addr:region":"Москва","admin_level":"8","alt_name":"муниципальный округ Крылатское","boundary":"administrative","description":"район — административно-территориальная единица; муниципальный округ — тип муниципального образования (с 1 июля 2012)","name":"район Крылатское","name:be":"Крылацкае","name:en":"Krylatskoye District","name:ru":"район Крылатское","name:uk":"Район Крилатське","official_status":"ru:внутригородская территория города федерального значения","omkmo:code":"42","omkte:code":"806","type":"boundary","wikidata":"Q474850","wikipedia":"ru:Крылатское (район)","id":"relation/240229"},"id":"relation/240229"},
{"type":"Feature","geometry":{"type":"Polygon","coordinates":[[[37.6123942,55.7825647],[37.6169348,55.7803721],[37.6189362,55.7736414],[37.6210308,55.7731824],[37.6211021,55.7675566],[37.6198963,55.7652602],[37.6201934,55.7616009],[37.6214164,55.7593068],[37.6283516,55.7598643],[37.6286781,55.7631076],[37.6310061,55.7657094],[37.6325778,55.772651],[37.637267,55.7720615],[37.638179,55.7747855],[37.6412894,55.7797075],[37.6448401,55.7798433],[37.6417328,55.7881261],[37.6420771,55.790161],[37.6402463,55.7924514],[37.642957,55.7930115],[37.635,55.7971703],[37.634957,55.7969453],[37.6346377,55.7918923],[37.6163097,55.793116],[37.6167978,55.7868239],[37.6153261,55.7836913],[37.6123942,55.7825647]]]},"properties":{"admin_level":"8","alt_name":"муниципальный округ Мещанский","boundary":"administrative","description":"район — административно-территориальная единица; муниципальный округ — тип муниципального образования (с 1 июля 2012)","name":"Мещанский район","name:en":"Meshchansky District","name:ru":"Мещанский район","name:uk":"Міщанський район","official_status":"ru:внутригородская территория города федерального значения","omkmo:code":"58","omkte:code":"105","type":"boundary","wikidata":"Q2626320","wikipedia":"ru:Мещанский район","id":"relation/364001"},"id":"relation/364001"},
{"type":"Feature","geometry":{"type":"Polygon","coordinates":[[[37.6706941,55.8243936],[37.6680768,55.819874],[37.6581186,55.8083605],[37.6538241,55.8038637],[37.6504891,55.7987596],[37.6501162,55.7927927],[37.651542,55.78936],[37.6518163,55.7890984],[37.685813,55.7825747],[37.6882667,55.781899],[37.6993516,55.7819726],[37.6992764,55.7827193],[37.6986563,55.786753],[37.6999859,55.7893293],[37.7047163,55.7917918],[37.705453,55.793162],[37.6991481,55.7990758],[37.6988032,55.8013426],[37.7018211,55.8055643],[37.7002953,55.8096015],[37.6972403,55.8107891],[37.6932468,55.8106118],[37.6852371,55.8154081],[37.6854385,55.816857],[37.6794303,55.8182302],[37.6750202,55.8204079],[37.6706941,55.8243936]]]},"properties":{"addr:country":"RU","admin_level":"8","alt_name":"муниципальный округ Сокольники","boundary":"administrative","description":"район — административно-территориальная единица; муниципальный округ — тип муниципального образования (с 1 июля 2012)","name":"район Сокольники","name:en":"Sokolniki District","name:ru":"район Сокольники","name:uk":"Район Сокільники","official_status":"ru:внутригородская территория города федерального значения","omkmo:code":"097","omkte:code":"0418","type":"boundary","wikidata":"Q1935566","wikipedia":"ru:Сокольники (район Москвы)","id":"relation/364551"},"id":"relation/364551"},
{"type":"Feature","geometry":{"type":"Polygon","coordinates":[[[37.4709829,55.5288439],[37.4701898,55.5340521],[37.475709,55.5353874],[37.4755165,55.5372951],[37.4861751,55.539793],[37.4934494,55.5396458],[37.5077676,55.5429454],[37.511115,55.544986],[37.5144961,55.548505],[37.5291881,55.5552455],[37.544878,55.55202],[37.5488225,55.5526259],[37.5521474,55.554869],[37.5542632,55.5594922],[37.5520122,55.561846],[37.5534487,55.5649232],[37.5534945,55.5676245],[37.5478851,55.5689233],[37.543679,55.5707527],[37.5406863,55.5711273],[37.5395423,55.573263],[37.539947,55.5760432],[37.5368462,55.577289],[37.5386505,55.5795598],[37.545742,55.5783573],[37.5510241,55.5802794],[37.5490807,55.5829884],[37.5462316,55.5841289],[37.5472658,55.586663],[37.5180898,55.5936478],[37.5118794,55.5955961],[37.5065527,55.5982494],[37.4940975,55.6085736],[37.4909461,55.6101744],[37.4883331,55.608273],[37.4888953,55.6132759],[37.481533,55.6193081],[37.4607823,55.6370638],[37.4557187,55.6370488],[37.4554342,55.6372228],[37.4485741,55.6342436],[37.4417401,55.6321821],[37.4184916,55.6262336],[37.4020067,55.6218125],[37.374229,55.6146963],[37.3819014,55.6109821],[37.3933848,55.6083908],[37.4034741,55.6036765],[37.406914,55.6015679],[37.4015361,55.5986521],[37.400874,55.5895189],[37.3970259,55.5860651],[37.3928674,55.5848783],[37.3801798,55.578223],[37.3743203,55.5765086],[37.3746595,55.5753413],[37.3718691,55.5693026],[37.3682744,55.5671576],[37.3764655,55.5614836],[37.3787661,55.5617234],[37.3845063,55.5602965],[37.3885022,55.5575493],[37.3940581,55.5556634],[37.3922076,55.5536352],[37.4080255,55.5495705],[37.4071636,55.5484109],[37.4122417,55.5444781],[37.3968023,55.5383099],[37.3934381,55.5363338],[37.390652,55.5329538],[37.3897461,55.5284929],[37.394021,55.5266726],[37.3965003,55.526576],[37.3968425,55.5205847],[37.4041072,55.521079],[37.4071113,55.5192957],[37.4050513,55.5168272],[37.4112998,55.5159525],[37.4126044,55.5129298],[37.4088694,55.5127448],[37.4053129,55.5100634],[37.4098453,55.50846],[37.4090837,55.5047936],[37.4049147,55.5016587],[37.4082346,55.5005751],[37.4136507,55.5019432],[37.4178058,55.5011254],[37.4151532,55.5048012],[37.4178199,55.5067027],[37.4215318,55.5047874],[37.4288698,55.5042819],[37.4328167,55.5056828],[37.4325482,55.5023808],[37.4379775,55.500746],[37.4391084,55.5021163],[37.44702,55.4994423],[37.4488851,55.4979244],[37.4508506,55.4994218],[37.4539559,55.498929],[37.4561379,55.501876],[37.4503088,55.5053712],[37.4430877,55.5069701],[37.4428653,55.5082928],[37.4497354,55.5100973],[37.4495838,55.5125103],[37.4510022,55.5156463],[37.4569937,55.5179491],[37.4629793,55.5221191],[37.4664281,55.5231927],[37.4667772,55.5271093],[37.4709829,55.5288439]]]},"properties":{"admin_level":"8","boundary":"administrative","name":"район Коммунарка","official_status":"ru:муниципальный округ","type":"boundary","id":"relation/380704"},"id":"relation/380704"},
{"type":"Feature","geometry":{"type":"Polygon","coordinates":[[[37.3764655,55.5614836],[37.3682744,55.5671576],[37.3718691,55.5693026],[37.3746595,55.5753413],[37.3743203,55.5765086],[37.3801798,55.578223],[37.3928674,55.5848783],[37.3970259,55.5860651],[37.400874,55.5895189],[37.4015361,55.5986521],[37.406914,55.6015679],[37.4034741,55.6036765],[37.3933848,55.6083908],[37.3819014,55.6109821],[37.374229,55.6146963],[37.3559559,55.6097354],[37.293068,55.593376],[37.2628815,55.5856481],[37.2508806,55.5827699],[37.200339,55.5712975],[37.1866475,55.5674892],[37.1254702,55.5499634],[37.1151768,55.5474463],[37.1135595,55.538946],[37.1225083,55.5383655],[37.122165,55.5351445],[37.119922,55.5314093],[37.1159062,55.5299985],[37.1188548,55.523517],[37.1199489,55.5191305],[37.1185107,55.5176212],[37.1186307,55.5131369],[37.1363952,55.5130264],[37.1384665,55.5148805],[37.1361965,55.5000219],[37.13162,55.4984602],[37.125581,55.4972324],[37.1265898,55.4952001],[37.1241813,55.4915532],[37.1286974,55.4885441],[37.1268983,55.4874488],[37.1356016,55.482645],[37.1384286,55.4823977],[37.1420643,55.4824008],[37.1429682,55.480966],[37.1470603,55.4817481],[37.1485589,55.4797942],[37.1525045,55.4805645],[37.1840257,55.4834696],[37.1956674,55.4884719],[37.2015317,55.4929483],[37.2087267,55.4935475],[37.243444,55.49726],[37.2466151,55.4978099],[37.2497086,55.5018149],[37.2539498,55.5042583],[37.2556509,55.5034238],[37.2659748,55.5051805],[37.2705632,55.5066408],[37.270101,55.5089849],[37.2724581,55.5108751],[37.2724294,55.515415],[37.273414,55.5175541],[37.2703955,55.5190894],[37.2840337,55.5256569],[37.2934971,55.5290951],[37.2997324,55.5301907],[37.2980889,55.5393236],[37.3045139,55.5424474],[37.3113041,55.5437288],[37.313656,55.5391211],[37.3189191,55.5384435],[37.3275629,55.5384916],[37.3287443,55.5399131],[37.3333116,55.5396367],[37.3360651,55.5406375],[37.3420311,55.5448712],[37.3435601,55.5470448],[37.3518053,55.5473838],[37.3536216,55.5504778],[37.3648737,55.5476258],[37.3687282,55.5489356],[37.3679583,55.5556337],[37.3764655,55.5614836]]]},"properties":{"addr:region":"Москва","admin_level":"8","boundary":"administrative","name":"Филимонковский район","official_status":"ru:муниципальный округ","type":"boundary","wikidata":"Q131918097","wikipedia":"ru:Филимонковский район","id":"relation/380705"},"id":"relation/380705"},
{"type":"Feature","geometry":{"type":"Polygon","coordinates":[[[37.3410192,55.657135],[37.3320097,55.6596748],[37.3375276,55.6625356],[37.3324139,55.6638019],[37.3285973,55.6631772],[37.3259715,55.66425],[37.3195225,55.664281],[37.3191526,55.6616033],[37.3240457,55.6610045],[37.3229081,55.6508895],[37.3115376,55.6511939],[37.3127913,55.6498345],[37.3112033,55.646572],[37.3056825,55.6463066],[37.2902696,55.6484902],[37.2901594,55.6519416],[37.2929212,55.6540814],[37.2885859,55.6548888],[37.2900957,55.651944],[37.2902143,55.6484944],[37.2828129,55.6495367],[37.2773891,55.6494345],[37.2714137,55.650525],[37.2662552,55.6503858],[37.2573516,55.6492982],[37.2532734,55.6479914],[37.2488942,55.6456366],[37.2408203,55.6437305],[37.2351353,55.6387035],[37.2363575,55.6359836],[37.2393897,55.6353258],[37.2401098,55.6325269],[37.2352488,55.6286774],[37.2376013,55.6275265],[37.2357827,55.6248652],[37.2320197,55.6254034],[37.2256346,55.6232302],[37.2293493,55.6213634],[37.2273077,55.6196406],[37.2247907,55.6215142],[37.2201903,55.6215801],[37.2145561,55.6227591],[37.2112733,55.6201053],[37.2068403,55.622902],[37.191849,55.6204084],[37.1854743,55.6187847],[37.1867703,55.6127264],[37.1822467,55.6128981],[37.1814276,55.6109121],[37.1773901,55.6072624],[37.1720429,55.6052282],[37.1643282,55.60553],[37.1601568,55.6042443],[37.1517971,55.6042234],[37.147166,55.6057528],[37.1463548,55.6090997],[37.1424864,55.6091606],[37.1326594,55.6055784],[37.1340274,55.6040467],[37.1344216,55.6006573],[37.132427,55.5991855],[37.1239601,55.5989605],[37.1186071,55.6017141],[37.1164617,55.6056356],[37.1090685,55.6037287],[37.1022096,55.6024867],[37.0957269,55.6001139],[37.0991405,55.5961291],[37.091995,55.5961835],[37.0948856,55.5926553],[37.0873534,55.5903553],[37.0964945,55.5774029],[37.110489,55.5679889],[37.1146925,55.5655511],[37.1228743,55.5531143],[37.1254702,55.5499634],[37.1866475,55.5674892],[37.200339,55.5712975],[37.2508806,55.5827699],[37.2628815,55.5856481],[37.293068,55.593376],[37.3559559,55.6097354],[37.374229,55.6146963],[37.3722889,55.620327],[37.3686851,55.6248944],[37.3638921,55.6279324],[37.3561172,55.6305762],[37.3437832,55.6324281],[37.3385496,55.635488],[37.3360563,55.635179],[37.3344062,55.6384799],[37.3298184,55.6398738],[37.3320472,55.6459378],[37.3308966,55.6472771],[37.33786,55.652824],[37.3430571,55.6540578],[37.3410192,55.657135]]]},"properties":{"addr:country":"RU","admin_level":"8","boundary":"administrative","name":"район Внуково","official_status":"ru:муниципальный округ","type":"boundary","id":"relation/380708"},"id":"relation/380708"},
{"type":"Feature","geometry":{"type":"Polygon","coordinates":[[[37.5038208,55.7910836],[37.499803,55.7889469],[37.4902301,55.7876871],[37.4787573,55.7889593],[37.4753263,55.7886298],[37.4687234,55.7894869],[37.4652211,55.7905482],[37.4545483,55.7918138],[37.4546058,55.7944272],[37.4461022,55.7944941],[37.445553,55.7925451],[37.4383023,55.7880778],[37.4295242,55.7861872],[37.4232948,55.7872614],[37.4179973,55.7915441],[37.4127153,55.792139],[37.4103355,55.7914293],[37.4074227,55.7864527],[37.4040754,55.7824227],[37.4030883,55.7790922],[37.4040754,55.7774751],[37.4085801,55.7757622],[37.4307464,55.774173],[37.4362176,55.7744065],[37.4454867,55.7768773],[37.4506431,55.7768688],[37.4552656,55.7741771],[37.4639901,55.7657713],[37.4645205,55.7623834],[37.4634259,55.7601907],[37.4576323,55.75582],[37.4530833,55.753888],[37.4392216,55.7505309],[37.4369216,55.7492638],[37.4373777,55.7464239],[37.4465186,55.7418583],[37.4553163,55.7406021],[37.4617965,55.7418583],[37.4673755,55.7440325],[37.4741561,55.7485012],[37.4761731,55.7522932],[37.4767739,55.7569059],[37.476388,55.7645104],[37.4800361,55.7677128],[37.4897158,55.7679596],[37.4981458,55.7655019],[37.5058276,55.7617836],[37.5139298,55.7584219],[37.5219435,55.761509],[37.5087504,55.7753858],[37.5062347,55.78031],[37.5038208,55.7910836]]]},"properties":{"addr:country":"RU","addr:region":"Москва","admin_level":"8","alt_name":"муниципальный округ Хорошёво-Мнёвники","boundary":"administrative","description":"район — административно-территориальная единица; муниципальный округ — тип муниципального образования (с 1 июля 2012)","name":"район Хорошёво-Мнёвники","name:en":"Khoroshyovo-Mnyovniki District","name:ru":"район Хорошёво-Мнёвники","name:uk":"Район Хорошово-Мневники","official_status":"ru:внутригородская территория города федерального значения","type":"boundary","wikidata":"Q630277","wikipedia":"ru:Хорошёво-Мнёвники","id":"relation/428431"},"id":"relation/428431"},
{"type":"Feature","geometry":{"type":"Polygon","coordinates":[[[37.4461022,55.7944941],[37.4546058,55.7944272],[37.4545483,55.7918138],[37.4652211,55.7905482],[37.4687234,55.7894869],[37.4753263,55.7886298],[37.4787573,55.7889593],[37.4902301,55.7876871],[37.499803,55.7889469],[37.5038208,55.7910836],[37.501479,55.7962303],[37.4876596,55.8124387],[37.4868576,55.815334],[37.4830972,55.8154186],[37.47715,55.8144468],[37.4699771,55.8120376],[37.4574808,55.8110744],[37.4528177,55.8116766],[37.4489087,55.8140135],[37.446496,55.8100754],[37.4464328,55.8065481],[37.4476344,55.8026167],[37.4461022,55.7944941]]]},"properties":{"admin_level":"8","alt_name":"муниципальный округ Щукино","boundary":"administrative","description":"район — административно-территориальная единица; муниципальный округ — тип муниципального образования (с 1 июля 2012)","name":"район Щукино","name:en":"Shchukino District","name:ru":"район Щукино","name:uk":"Район Щукіне","official_status":"ru:внутригородская территория города федерального значения","type":"boundary","wikidata":"Q598088","wikipedia":"ru:Щукино (район Москвы)","id":"relation/431464"},"id":"relation/431464"},
{"type":"Feature","geometry":{"type":"Polygon","coordinates":[[[37.4464328,55.8065481],[37.44124,55.8087428],[37.4380643,55.8091769],[37.4301679,55.8088392],[37.4198682,55.8115161],[37.4148442,55.8150481],[37.4144609,55.8191356],[37.4126155,55.8212814],[37.4071223,55.8255725],[37.398153,55.8284651],[37.3944388,55.829101],[37.393696,55.8291697],[37.3922545,55.8235137],[37.3878905,55.8097622],[37.3850513,55.8093072],[37.3849555,55.8090616],[37.3867855,55.8069524],[37.38353,55.8018128],[37.3744812,55.7923635],[37.36724,55.7903819],[37.3703118,55.7885664],[37.370622,55.7877908],[37.3690717,55.7827259],[37.3688853,55.7730383],[37.3708646,55.7710135],[37.3834025,55.7721825],[37.3867388,55.7709266],[37.3982596,55.7711769],[37.4018275,55.7717981],[37.4085801,55.7757622],[37.4040754,55.7774751],[37.4030883,55.7790922],[37.4040754,55.7824227],[37.4074227,55.7864527],[37.4103355,55.7914293],[37.4127153,55.792139],[37.4179973,55.7915441],[37.4232948,55.7872614],[37.4295242,55.7861872],[37.4383023,55.7880778],[37.445553,55.7925451],[37.4461022,55.7944941],[37.4476344,55.8026167],[37.4464328,55.8065481]]]},"properties":{"addr:country":"RU","addr:region":"Москва","admin_level":"8","alt_name":"муниципальный округ Строгино","boundary":"administrative","description":"район — административно-территориальная единица; муниципальный округ — тип муниципального образования (с 1 июля 2012)","name":"район Строгино","name:be":"Страгіно","name:en":"Strogino District","name:ru":"район Строгино","name:uk":"Район Строгіне","official_status":"ru:внутригородская территория города федерального значения","type":"boundary","wikidata":"Q2625675","wikipedia":"ru:Строгино (район Москвы)","id":"relation/434560"},"id":"relation/434560"},
{"type":"Feature","geometry":{"type":"Polygon","coordinates":[[[37.3945561,55.8544023],[37.3903606,55.8541645],[37.3879357,55.8556349],[37.3803523,55.8535469],[37.3761822,55.8545066],[37.3765154,55.8581766],[37.3800089,55.8593771],[37.3774557,55.8648044],[37.3788561,55.867876],[37.3771578,55.8682889],[37.3701097,55.8673542],[37.3658614,55.8679834],[37.362346,55.8675198],[37.3578908,55.8642649],[37.349819,55.8637988],[37.3458799,55.8629437],[37.3451935,55.8613095],[37.3420223,55.8602068],[37.3396014,55.854947],[37.3404435,55.8515384],[37.3367731,55.8480307],[37.3341284,55.8477278],[37.333004,55.8452849],[37.3428857,55.84484],[37.3490178,55.8437191],[37.3469652,55.8405135],[37.3406559,55.840255],[37.3403714,55.8390079],[37.3449766,55.8365196],[37.3423871,55.8344025],[37.3439355,55.8330958],[37.3487294,55.8322171],[37.3491006,55.8265757],[37.3515886,55.8243916],[37.3491556,55.8222253],[37.3523121,55.8212845],[37.3563725,55.8226601],[37.3540129,55.8263994],[37.3568826,55.8265268],[37.3589247,55.8228877],[37.3622219,55.8221992],[37.365873,55.8264811],[37.3689161,55.8280237],[37.3799375,55.8306661],[37.3850254,55.8306823],[37.393696,55.8291697],[37.3944388,55.829101],[37.3958625,55.8336357],[37.3961451,55.8371039],[37.3949023,55.8406308],[37.3919711,55.8456134],[37.392143,55.8486128],[37.3937518,55.8517851],[37.3945561,55.8544023]]]},"properties":{"admin_level":"8","alt_name":"муниципальный округ Митино","boundary":"administrative","description":"район — административно-территориальная единица; муниципальный округ — тип муниципального образования (с 1 июля 2012)","name":"район Митино","name:en":"Mitino District","name:eo":"rajono Mitino","name:ru":"район Митино","name:uk":"Район Мітіне","official_status":"ru:внутригородская территория города федерального значения","type":"boundary","wikidata":"Q2625558","wikipedia":"ru:Митино (район Москвы)","id":"relation/442733"},"id":"relation/442733"},
{"type":"Feature","geometry":{"type":"Polygon","coordinates":[[[37.3698614,55.9081959],[37.3662836,55.9067026],[37.3706763,55.9036305],[37.3633226,55.9019618],[37.3675346,55.8981793],[37.3656113,55.8966836],[37.3672753,55.8942673],[37.3715192,55.8950519],[37.3749168,55.8947511],[37.3773568,55.8927083],[37.3731391,55.891387],[37.3725221,55.8877759],[37.3743759,55.8864059],[37.3713301,55.8841832],[37.3727019,55.8816941],[37.3797165,55.8799744],[37.3821655,55.8778687],[37.3944357,55.8772425],[37.404035,55.8759958],[37.411428,55.8709576],[37.4205708,55.874641],[37.4309505,55.8778512],[37.4266635,55.8774643],[37.4171635,55.8783095],[37.4094205,55.8806876],[37.4093978,55.8849173],[37.4042239,55.8875213],[37.4043979,55.8911809],[37.3992913,55.9007554],[37.3913797,55.9024645],[37.3899733,55.9038314],[37.3900178,55.9128443],[37.386724,55.911657],[37.3767952,55.9112439],[37.3698614,55.9081959]]]},"properties":{"admin_level":"8","alt_name":"муниципальный округ Куркино","boundary":"administrative","description":"район — административно-территориальная единица; муниципальный округ — тип муниципального образования (с 1 июля 2012)","name":"район Куркино","name:en":"Kurkino District","name:ru":"район Куркино","name:uk":"Район Куркіне","official_status":"ru:внутригородская территория города федерального значения","type":"boundary","wikidata":"Q669235","wikipedia":"ru:Куркино (район Москвы)","id":"relation/442741"},"id":"relation/442741"},
{"type":"Feature","geometry":{"type":"Polygon","coordinates":[[[37.8025289,55.6804869],[37.8056978,55.6875887],[37.7985774,55.6889831],[37.7911241,55.6871052],[37.7876734,55.6886098],[37.7893802,55.6903614],[37.7945449,55.707374],[37.7806651,55.7092418],[37.7743975,55.7168426],[37.7490007,55.7103029],[37.7478168,55.7077911],[37.7457286,55.7072387],[37.7559618,55.6916568],[37.7556934,55.6907633],[37.7611207,55.6905896],[37.7626337,55.6881278],[37.7850256,55.683413],[37.7888801,55.6812958],[37.7925022,55.6831211],[37.7983293,55.6801875],[37.8025289,55.6804869]]]},"properties":{"admin_level":"8","alt_name":"муниципальный округ Кузьминки","boundary":"administrative","description":"район — административно-территориальная единица; муниципальный округ — тип муниципального образования (с 1 июля 2012)","name":"район Кузьминки","name:en":"Kuzminki District","name:ru":"район Кузьминки","name:uk":"Район Кузьминки","official_status":"ru:внутригородская территория города федерального значения","type":"boundary","wikidata":"Q2360885","wikipedia":"ru:Кузьминки (район Москвы)","id":"relation/444812"},"id":"relation/444812"},
{"type":"Feature","geometry":{"type":"Polygon","coordinates":[[[37.5821396,55.7109925],[37.5887529,55.7071218],[37.5873424,55.7063265],[37.5961214,55.6961337],[37.6015422,55.6915516],[37.6037381,55.6905249],[37.6095605,55.6891626],[37.6147965,55.6893176],[37.6218603,55.6907301],[37.6288682,55.6917492],[37.628308,55.6939962],[37.6281364,55.7034524],[37.6285727,55.7052553],[37.6209921,55.7060521],[37.6113443,55.704309],[37.6063503,55.7096713],[37.6061809,55.7111463],[37.6082869,55.7167305],[37.6136171,55.7166503],[37.613644,55.7197902],[37.6155773,55.7200829],[37.6100957,55.7214266],[37.6093473,55.7195213],[37.60031,55.7213012],[37.5968554,55.7201303],[37.5879384,55.7139531],[37.585594,55.711091],[37.5821396,55.7109925]]]},"properties":{"admin_level":"8","alt_name":"муниципальный округ Донской","boundary":"administrative","description":"район — административно-территориальная единица; муниципальный округ — тип муниципального образования (с 1 июля 2012)","name":"Донской район","name:be":"Данскі раён","name:en":"Donskoy District","name:ru":"Донской район","name:uk":"Донський район","official_status":"ru:внутригородская территория города федерального значения","type":"boundary","website":"https://donskoy.mos.ru","wikidata":"Q2216653","wikipedia":"ru:Донской район (Москва)","id":"relation/444908"},"id":"relation/444908"},
{"type":"Feature","geometry":{"type":"Polygon","coordinates":[[[37.4647226,55.8834596],[37.448729,55.8827743],[37.4445742,55.883042],[37.4364835,55.8795786],[37.4387242,55.8765343],[37.4514503,55.8702648],[37.4539735,55.870116],[37.455091,55.8646893],[37.4608472,55.853004],[37.4644625,55.8471182],[37.4764327,55.8501996],[37.4911742,55.8506835],[37.4968063,55.8525226],[37.4891516,55.859132],[37.4854466,55.8582196],[37.4764525,55.8660554],[37.4791125,55.8667216],[37.4691711,55.8762167],[37.4657228,55.8801361],[37.4625313,55.8818586],[37.4647226,55.8834596]]]},"properties":{"addr:country":"RU","addr:region":"Москва","admin_level":"8","alt_name":"муниципальный округ Левобережный","boundary":"administrative","description":"район — административно-территориальная единица; муниципальный округ — тип муниципального образования (с 1 июля 2012)","name":"район Левобережный","name:en":"Levoberezhny District","name:ru":"район Левобережный","name:uk":"Район Лівобережний","official_status":"ru:внутригородская территория города федерального значения","type":"boundary","wikidata":"Q2366787","wikipedia":"ru:Левобережный (район Москвы)","id":"relation/445273"},"id":"relation/445273"},
{"type":"Feature","geometry":{"type":"Polygon","coordinates":[[[37.4647226,55.8834596],[37.4625313,55.8818586],[37.4657228,55.8801361],[37.4691711,55.8762167],[37.4791125,55.8667216],[37.4764525,55.8660554],[37.4854466,55.8582196],[37.4891516,55.859132],[37.4968063,55.8525226],[37.5111923,55.8577385],[37.5053139,55.8620088],[37.5101763,55.8644817],[37.5141946,55.8676902],[37.473697,55.8852992],[37.4647226,55.8834596]]]},"properties":{"addr:country":"RU","addr:region":"Москва","admin_level":"8","alt_name":"муниципальный округ Ховрино","boundary":"administrative","description":"район — административно-территориальная единица; муниципальный округ — тип муниципального образования (с 1 июля 2012)","name":"район Ховрино","name:en":"Khovrino District","name:eo":"Ĥovrino","name:ru":"район Ховрино","name:uk":"Район Ховрине","official_status":"ru:внутригородская территория города федерального значения","type":"boundary","wikidata":"Q2626866","wikipedia":"ru:Ховрино (район Москвы)","id":"relation/445274"},"id":"relation/445274"},
{"type":"Feature","geometry":{"type":"Polygon","coordinates":[[[37.5141946,55.8676902],[37.5470392,55.85352],[37.5551837,55.8483563],[37.5585018,55.8493117],[37.5669075,55.8495149],[37.5602549,55.8573525],[37.5485229,55.8636475],[37.5334659,55.8707431],[37.5296582,55.8728271],[37.5262565,55.8750967],[37.5116685,55.8892942],[37.5059442,55.8862549],[37.4962542,55.8924795],[37.4859353,55.8883988],[37.4826398,55.888633],[37.473697,55.8852992],[37.5141946,55.8676902]]]},"properties":{"addr:country":"RU","addr:region":"Москва","admin_level":"8","alt_name":"муниципальный округ Западное Дегунино","boundary":"administrative","description":"район — административно-территориальная единица; муниципальный округ — тип муниципального образования (с 1 июля 2012)","name":"район Западное Дегунино","name:en":"Zapadnoye Degunino District","name:ru":"район Западное Дегунино","name:uk":"Район Західне Дегуніне","official_status":"ru:внутригородская территория города федерального значения","type":"boundary","wikidata":"Q2626861","wikipedia":"ru:Западное Дегунино","id":"relation/445275"},"id":"relation/445275"},
{"type":"Feature","geometry":{"type":"Polygon","coordinates":[[[37.5669075,55.8495149],[37.5585018,55.8493117],[37.5551837,55.8483563],[37.5605395,55.8448416],[37.5406103,55.8373334],[37.5342016,55.8339622],[37.5317779,55.8313882],[37.5328284,55.825468],[37.531977,55.8218499],[37.5352707,55.8197317],[37.5384699,55.8164268],[37.5407783,55.811897],[37.5494647,55.8070814],[37.5558435,55.8050224],[37.560897,55.8051331],[37.5806522,55.8082874],[37.5847301,55.8086824],[37.5796069,55.8114784],[37.5775357,55.8171248],[37.5739482,55.8227969],[37.5738693,55.8323965],[37.5761106,55.8348039],[37.5781537,55.8367858],[37.5786726,55.8394438],[37.5752619,55.8442232],[37.5737717,55.8484763],[37.5669075,55.8495149]]]},"properties":{"admin_level":"8","alt_name":"муниципальный округ Тимирязевский","boundary":"administrative","description":"район — административно-территориальная единица; муниципальный округ — тип муниципального образования (с 1 июля 2012)","name":"Тимирязевский район","name:en":"Timiryazevsky District","name:ru":"Тимирязевский район","name:uk":"Тимірязівський район","official_status":"ru:внутригородская территория города федерального значения","type":"boundary","wikidata":"Q2365771","wikipedia":"ru:Тимирязевский район (Москва)","id":"relation/445276"},"id":"relation/445276"},
{"type":"Feature","geometry":{"type":"Polygon","coordinates":[[[37.5194971,55.8151739],[37.5300985,55.8156092],[37.5364835,55.8142613],[37.5407783,55.811897],[37.5384699,55.8164268],[37.5352707,55.8197317],[37.531977,55.8218499],[37.5328284,55.825468],[37.5317779,55.8313882],[37.5342016,55.8339622],[37.5406103,55.8373334],[37.5605395,55.8448416],[37.5551837,55.8483563],[37.5519626,55.8472776],[37.5246282,55.8414406],[37.5190669,55.841349],[37.5145676,55.8379219],[37.5048366,55.8371674],[37.5087727,55.8331399],[37.5077793,55.8320938],[37.5146448,55.8279672],[37.5143497,55.8274517],[37.5194402,55.8213038],[37.5178809,55.818626],[37.5216153,55.8175996],[37.5194971,55.8151739]]]},"properties":{"admin_level":"8","alt_name":"муниципальный округ Коптево","boundary":"administrative","description":"район — административно-территориальная единица; муниципальный округ — тип муниципального образования (с 1 июля 2012)","name":"район Коптево","name:en":"Koptevo District","name:ru":"район Коптево","name:uk":"Район Коптєво","official_status":"ru:внутригородская территория города федерального значения","type":"boundary","wikidata":"Q2366877","wikipedia":"ru:Коптево (район Москвы)","id":"relation/445277"},"id":"relation/445277"},
{"type":"Feature","geometry":{"type":"Polygon","coordinates":[[[37.5363206,55.9075674],[37.5279378,55.906015],[37.5244518,55.9049172],[37.4962542,55.8924795],[37.5059442,55.8862549],[37.5116685,55.8892942],[37.5262565,55.8750967],[37.5296582,55.8728271],[37.5337411,55.8761145],[37.5462771,55.8783185],[37.5439163,55.8821974],[37.5430448,55.8872354],[37.5507976,55.88731],[37.5519785,55.8977748],[37.5416646,55.901731],[37.5386925,55.9039985],[37.5368342,55.9071173],[37.5363206,55.9075674]]]},"properties":{"addr:region":"Москва","admin_level":"8","alt_name":"муниципальный округ Дмитровский","boundary":"administrative","description":"район — административно-территориальная единица; муниципальный округ — тип муниципального образования (с 1 июля 2012)","name":"Дмитровский район","name:en":"Dmitrovsky District","name:ru":"Дмитровский район","name:uk":"Дмитрівський район","official_status":"ru:внутригородская территория города федерального значения","type":"boundary","wikidata":"Q2367500","wikipedia":"ru:Дмитровский район (Москва)","id":"relation/445278"},"id":"relation/445278"},
{"type":"Feature","geometry":{"type":"Polygon","coordinates":[[[37.411428,55.8709576],[37.4050796,55.8672401],[37.4016622,55.8644698],[37.3976398,55.8599735],[37.3945561,55.8544023],[37.3937518,55.8517851],[37.4040801,55.850471],[37.4114051,55.8505136],[37.4214434,55.8487437],[37.4416819,55.8508341],[37.4608472,55.853004],[37.455091,55.8646893],[37.4539735,55.870116],[37.4514503,55.8702648],[37.4387242,55.8765343],[37.4364835,55.8795786],[37.4309505,55.8778512],[37.4205708,55.874641],[37.411428,55.8709576]]]},"properties":{"admin_level":"8","alt_name":"муниципальный округ Северное Тушино","boundary":"administrative","description":"район — административно-территориальная единица; муниципальный округ — тип муниципального образования (с 1 июля 2012)","name":"район Северное Тушино","name:be":"Паўночнае Тушына","name:en":"North Tushino District","name:ru":"район Северное Тушино","name:uk":"Район Північне Тушине","official_status":"ru:внутригородская территория города федерального значения","type":"boundary","wikidata":"Q2367469","wikipedia":"ru:Северное Тушино","id":"relation/445279"},"id":"relation/445279"},
{"type":"Feature","geometry":{"type":"Polygon","coordinates":[[[37.4868576,55.815334],[37.4876596,55.8124387],[37.501479,55.7962303],[37.5038208,55.7910836],[37.5182853,55.7935013],[37.5178925,55.7947612],[37.5204392,55.8037368],[37.5110095,55.8060827],[37.5194971,55.8151739],[37.5097801,55.8147697],[37.4868576,55.815334]]]},"properties":{"admin_level":"8","alt_name":"муниципальный округ Сокол","boundary":"administrative","description":"район — административно-территориальная единица; муниципальный округ — тип муниципального образования (с 1 июля 2012)","name":"район Сокол","name:en":"Sokol District","name:ru":"район Сокол","name:uk":"Район Сокіл","official_status":"ru:внутригородская территория города федерального значения","type":"boundary","wikidata":"Q2704327","wikipedia":"ru:Сокол (район Москвы)","id":"relation/445280"},"id":"relation/445280"},
{"type":"Feature","geometry":{"type":"Polygon","coordinates":[[[37.5494647,55.8070814],[37.5484606,55.806634],[37.5557198,55.8007344],[37.5637705,55.7935985],[37.5696293,55.7914098],[37.5744959,55.7916519],[37.5839861,55.7922209],[37.5865301,55.7934376],[37.5843177,55.7953226],[37.5823396,55.8055211],[37.5806522,55.8082874],[37.560897,55.8051331],[37.5558435,55.8050224],[37.5494647,55.8070814]]]},"properties":{"admin_level":"8","alt_name":"муниципальный округ Савёловский","boundary":"administrative","description":"район — административно-территориальная единица; муниципальный округ — тип муниципального образования (с 1 июля 2012)","name":"Савёловский район","name:en":"Savyolovsky District","name:ru":"Савёловский район","name:uk":"Савелівський район","official_status":"ru:внутригородская территория города федерального значения","type":"boundary","wikidata":"Q2366807","wikipedia":"ru:Савёловский район","id":"relation/445281"},"id":"relation/445281"},
{"type":"Feature","geometry":{"type":"Polygon","coordinates":[[[37.6075412,55.8791079],[37.5862778,55.874814],[37.5852988,55.8700079],[37.5721838,55.8695333],[37.571371,55.8701818],[37.5746814,55.8611375],[37.5727074,55.8547347],[37.5737717,55.8484763],[37.5773909,55.8479324],[37.592823,55.8473146],[37.612321,55.8464823],[37.6198416,55.85407],[37.6203564,55.8592482],[37.6250362,55.8573813],[37.6307842,55.8569752],[37.6351086,55.8613697],[37.6303758,55.865319],[37.6291471,55.8687327],[37.6197763,55.8727212],[37.616272,55.8752242],[37.6156388,55.8781211],[37.6169008,55.8803338],[37.6075412,55.8791079]]]},"properties":{"admin_level":"8","alt_name":"муниципальный округ Отрадное","boundary":"administrative","description":"район — административно-территориальная единица; муниципальный округ — тип муниципального образования (с 1 июля 2012)","name":"район Отрадное","name:en":"Otradnoye District","name:ru":"район Отрадное","name:uk":"Район Відрадне","official_status":"ru:внутригородская территория города федерального значения","type":"boundary","wikidata":"Q2360436","wikipedia":"ru:Отрадное (район Москвы)","id":"relation/445282"},"id":"relation/445282"},
{"type":"Feature","geometry":{"type":"Polygon","coordinates":[[[37.3900178,55.9128443],[37.398713,55.9166177],[37.3949359,55.9193292],[37.393851,55.9211355],[37.3968464,55.9261701],[37.4084134,55.9241346],[37.4106248,55.925248],[37.4102691,55.9272063],[37.4077466,55.9290304],[37.4101679,55.9319133],[37.4076688,55.9346914],[37.4066636,55.939028],[37.4103667,55.945258],[37.415558,55.9457605],[37.4211368,55.9474815],[37.4192398,55.9532776],[37.4137634,55.9545265],[37.4079001,55.9517063],[37.3941887,55.9485901],[37.392985,55.9512875],[37.3876206,55.9533299],[37.3833198,55.9529551],[37.3809385,55.9509599],[37.3752549,55.9535925],[37.3762313,55.9554425],[37.3719719,55.9561382],[37.3594469,55.9559712],[37.3534926,55.9511259],[37.3463323,55.9538018],[37.3473268,55.9553262],[37.3429914,55.9564282],[37.3350259,55.9535891],[37.3364424,55.9507148],[37.3405276,55.9462664],[37.3416982,55.9467499],[37.3540987,55.9389069],[37.3495479,55.9366301],[37.3432683,55.9389578],[37.3313205,55.9338701],[37.3366865,55.9326648],[37.3398343,55.9307309],[37.3435269,55.9266406],[37.3437067,55.9241832],[37.3564628,55.9299543],[37.3756398,55.9217077],[37.3717351,55.9196431],[37.3660258,55.9153807],[37.3658403,55.9141697],[37.3698614,55.9081959],[37.3767952,55.9112439],[37.386724,55.911657],[37.3900178,55.9128443]]]},"properties":{"admin_level":"8","alt_name":"муниципальный округ Молжаниновский","boundary":"administrative","description":"район — административно-территориальная единица; муниципальный округ — тип муниципального образования (с 1 июля 2012)","name":"Молжаниновский район","name:en":"Molzhaninovsky District","name:ru":"Молжаниновский район","name:uk":"Молжанінівський район","official_status":"ru:внутригородская территория города федерального значения","type":"boundary","wikidata":"Q2361002","wikipedia":"ru:Молжаниновский район","id":"relation/445283"},"id":"relation/445283"},
{"type":"Feature","geometry":{"type":"Polygon","coordinates":[[[37.5559156,55.9092832],[37.5613846,55.9280589],[37.5609557,55.9322714],[37.5659213,55.933349],[37.5665274,55.9364735],[37.5702739,55.9373108],[37.5700906,55.9409267],[37.5645841,55.9414007],[37.5628076,55.9476678],[37.5624642,55.9510736],[37.5794223,55.9494679],[37.5800379,55.9520246],[37.5784053,55.9555754],[37.5747378,55.9561865],[37.5744299,55.9577717],[37.5551537,55.951529],[37.555104,55.9535347],[37.5516576,55.953631],[37.5518937,55.951221],[37.5485507,55.9511581],[37.5470062,55.9542041],[37.5423512,55.9541421],[37.5374401,55.9528431],[37.5435935,55.9428103],[37.5347848,55.9429289],[37.5304331,55.9435017],[37.5192349,55.9419381],[37.5363206,55.9075674],[37.5368342,55.9071173],[37.5559156,55.9092832]]]},"properties":{"admin_level":"8","alt_name":"муниципальный округ Северный","boundary":"administrative","description":"район — административно-территориальная единица; муниципальный округ — тип муниципального образования (с 1 июля 2012)","name":"район Северный","name:en":"Severny District","name:ru":"район Северный","name:uk":"Район Північний","official_status":"ru:внутригородская территория города федерального значения","type":"boundary","wikidata":"Q780455","wikipedia":"ru:Северный (район Москвы)","id":"relation/445284"},"id":"relation/445284"},
{"type":"Feature","geometry":{"type":"Polygon","coordinates":[[[37.571371,55.8701818],[37.5684672,55.8769884],[37.5674047,55.8873023],[37.5670561,55.8901632],[37.5640581,55.8932732],[37.5519785,55.8977748],[37.5507976,55.88731],[37.5430448,55.8872354],[37.5439163,55.8821974],[37.5462771,55.8783185],[37.5466566,55.8773996],[37.5576096,55.878997],[37.5581859,55.87419],[37.5666391,55.8635053],[37.5639699,55.8629806],[37.5638855,55.8594224],[37.5678745,55.859342],[37.5667709,55.8544213],[37.5727074,55.8547347],[37.5746814,55.8611375],[37.571371,55.8701818]]]},"properties":{"addr:country":"RU","addr:region":"Москва","admin_level":"8","alt_name":"муниципальный округ Восточное Дегунино","boundary":"administrative","description":"район — административно-территориальная единица; муниципальный округ — тип муниципального образования (с 1 июля 2012)","name":"район Восточное Дегунино","name:en":"Vostochnoye Degunino District","name:ru":"район Восточное Дегунино","name:uk":"Район Східне Дегуніне","official_status":"ru:внутригородская территория города федерального значения","type":"boundary","wikidata":"Q2366730","wikipedia":"ru:Восточное Дегунино","id":"relation/445285"},"id":"relation/445285"},
{"type":"Feature","geometry":{"type":"Polygon","coordinates":[[[37.4725865,55.8403538],[37.4798671,55.841335],[37.4813734,55.8393409],[37.4936103,55.8393585],[37.5048366,55.8371674],[37.5145676,55.8379219],[37.5190669,55.841349],[37.5246282,55.8414406],[37.5519626,55.8472776],[37.5551837,55.8483563],[37.5470392,55.85352],[37.5141946,55.8676902],[37.5101763,55.8644817],[37.5053139,55.8620088],[37.5111923,55.8577385],[37.4968063,55.8525226],[37.4911742,55.8506835],[37.4764327,55.8501996],[37.4644625,55.8471182],[37.4703495,55.8427259],[37.4725865,55.8403538]]]},"properties":{"admin_level":"8","alt_name":"муниципальный округ Головинский","boundary":"administrative","description":"район — административно-территориальная единица; муниципальный округ — тип муниципального образования (с 1 июля 2012)","name":"Головинский район","name:en":"Golovinsky District","name:ru":"Головинский район","name:uk":"Головинський район","official_status":"ru:внутригородская территория города федерального значения","type":"boundary","wikidata":"Q1017756","wikipedia":"ru:Головинский район","id":"relation/445297"},"id":"relation/445297"},
{"type":"Feature","geometry":{"type":"Polygon","coordinates":[[[37.5494558,55.7925318],[37.5500727,55.7912114],[37.5420151,55.7854719],[37.5454994,55.780803],[37.5507504,55.7774927],[37.5550297,55.7761208],[37.5519166,55.7734083],[37.5710802,55.7754258],[37.5752326,55.7755208],[37.5810955,55.7774318],[37.5847927,55.7798664],[37.5868414,55.7852387],[37.5886333,55.7920566],[37.5877997,55.7926366],[37.5865301,55.7934376],[37.5839861,55.7922209],[37.5744959,55.7916519],[37.5657422,55.7854818],[37.5494558,55.7925318]]]},"properties":{"admin_level":"8","alt_name":"муниципальный округ Беговой","boundary":"administrative","description":"район — административно-территориальная единица; муниципальный округ — тип муниципального образования (с 1 июля 2012)","name":"район Беговой","name:en":"Begovoy District","name:ru":"район Беговой","name:uk":"Район Біговий","official_status":"ru:внутригородская территория города федерального значения","type":"boundary","wikidata":"Q2626875","wikipedia":"ru:Беговой (район Москвы)","id":"relation/445298"},"id":"relation/445298"},
{"type":"Feature","geometry":{"type":"Polygon","coordinates":[[[37.5519166,55.7734083],[37.5550297,55.7761208],[37.5507504,55.7774927],[37.5454994,55.780803],[37.5420151,55.7854719],[37.5500727,55.7912114],[37.5494558,55.7925318],[37.5328707,55.8000617],[37.5204392,55.8037368],[37.5178925,55.7947612],[37.5182853,55.7935013],[37.5038208,55.7910836],[37.5062347,55.78031],[37.5087504,55.7753858],[37.5219435,55.761509],[37.5242852,55.7598459],[37.532202,55.7634162],[37.536061,55.7661039],[37.5366332,55.7690651],[37.5389633,55.7711286],[37.544434,55.772989],[37.5519166,55.7734083]]]},"properties":{"admin_level":"8","alt_name":"муниципальный округ Хорошёвский","boundary":"administrative","description":"район — административно-территориальная единица; муниципальный округ — тип муниципального образования (с 1 июля 2012)","name":"Хорошёвский район","name:en":"Khoroshyovsky District","name:ru":"Хорошёвский район","name:uk":"Хорошівський район","official_status":"ru:внутригородская территория города федерального значения","type":"boundary","wikidata":"Q2366712","wikipedia":"ru:Хорошёвский район","id":"relation/445299"},"id":"relation/445299"},
{"type":"Feature","geometry":{"type":"Polygon","coordinates":[[[37.5194971,55.8151739],[37.5216153,55.8175996],[37.5178809,55.818626],[37.5194402,55.8213038],[37.5143497,55.8274517],[37.5146448,55.8279672],[37.5077793,55.8320938],[37.5087727,55.8331399],[37.5048366,55.8371674],[37.4936103,55.8393585],[37.4813734,55.8393409],[37.4798671,55.841335],[37.4725865,55.8403538],[37.4716778,55.8377855],[37.478983,55.8315541],[37.4744188,55.8298286],[37.4781004,55.8266713],[37.4881247,55.8265415],[37.4910751,55.8272718],[37.4933657,55.8244783],[37.4907202,55.8230964],[37.4875304,55.8198686],[37.4868576,55.815334],[37.5097801,55.8147697],[37.5194971,55.8151739]]]},"properties":{"admin_level":"8","alt_name":"муниципальный округ Войковский","boundary":"administrative","description":"район — административно-территориальная единица; муниципальный округ — тип муниципального образования (с 1 июля 2012)","name":"Войковский район","name:en":"Voykovsky District","name:ru":"Войковский район","name:uk":"Войківський район","official_status":"ru:внутригородская территория города федерального значения","type":"boundary","wikidata":"Q2367430","wikipedia":"ru:Войковский район","id":"relation/446078"},"id":"relation/446078"},
{"type":"Feature","geometry":{"type":"Polygon","coordinates":[[[37.5744959,55.7916519],[37.5696293,55.7914098],[37.5637705,55.7935985],[37.5557198,55.8007344],[37.5484606,55.806634],[37.5494647,55.8070814],[37.5407783,55.811897],[37.5364835,55.8142613],[37.5300985,55.8156092],[37.5194971,55.8151739],[37.5110095,55.8060827],[37.5204392,55.8037368],[37.5328707,55.8000617],[37.5494558,55.7925318],[37.5657422,55.7854818],[37.5744959,55.7916519]]]},"properties":{"admin_level":"8","alt_name":"муниципальный округ Аэропорт","boundary":"administrative","description":"район — административно-территориальная единица; муниципальный округ — тип муниципального образования (с 1 июля 2012)","name":"район Аэропорт","name:ca":"Districte de l'Aeroport","name:en":"Aeroport District","name:ru":"район Аэропорт","name:uk":"Район Аеропорт","official_status":"ru:внутригородская территория города федерального значения","type":"boundary","wikidata":"Q2367414","wikipedia":"ru:Аэропорт (район Москвы)","id":"relation/446079"},"id":"relation/446079"},
{"type":"Feature","geometry":{"type":"Polygon","coordinates":[[[37.3937518,55.8517851],[37.392143,55.8486128],[37.3919711,55.8456134],[37.3949023,55.8406308],[37.3961451,55.8371039],[37.3958625,55.8336357],[37.4054241,55.8317418],[37.4081822,55.8333403],[37.410593,55.8327675],[37.415366,55.8334904],[37.4146655,55.8352267],[37.4246109,55.8375077],[37.4279519,55.8345832],[37.4371324,55.8364931],[37.4584099,55.8350025],[37.4654696,55.836954],[37.4703495,55.8427259],[37.4644625,55.8471182],[37.4608472,55.853004],[37.4416819,55.8508341],[37.4214434,55.8487437],[37.4114051,55.8505136],[37.4040801,55.850471],[37.3937518,55.8517851]]]},"properties":{"addr:country":"RU","addr:region":"Москва","admin_level":"8","alt_name":"муниципальный округ Южное Тушино","boundary":"administrative","description":"район — административно-территориальная единица; муниципальный округ — тип муниципального образования (с 1 июля 2012)","name":"район Южное Тушино","name:be":"Паўднёвае Тушына","name:en":"Yuzhnoye Tushino District","name:ru":"район Южное Тушино","name:uk":"Район Південне Тушине","official_status":"ru:внутригородская территория города федерального значения","type":"boundary","wikidata":"Q2366829","wikipedia":"ru:Южное Тушино","id":"relation/446080"},"id":"relation/446080"},
{"type":"Feature","geometry":{"type":"Polygon","coordinates":[[[37.4868576,55.815334],[37.4875304,55.8198686],[37.4907202,55.8230964],[37.4933657,55.8244783],[37.4910751,55.8272718],[37.4881247,55.8265415],[37.4781004,55.8266713],[37.4744188,55.8298286],[37.478983,55.8315541],[37.4716778,55.8377855],[37.4725865,55.8403538],[37.4703495,55.8427259],[37.4654696,55.836954],[37.4584099,55.8350025],[37.4371324,55.8364931],[37.4279519,55.8345832],[37.4246109,55.8375077],[37.4146655,55.8352267],[37.415366,55.8334904],[37.410593,55.8327675],[37.4081822,55.8333403],[37.4054241,55.8317418],[37.3958625,55.8336357],[37.3944388,55.829101],[37.398153,55.8284651],[37.4071223,55.8255725],[37.4126155,55.8212814],[37.4144609,55.8191356],[37.4148442,55.8150481],[37.4198682,55.8115161],[37.4301679,55.8088392],[37.4380643,55.8091769],[37.44124,55.8087428],[37.4464328,55.8065481],[37.446496,55.8100754],[37.4489087,55.8140135],[37.4528177,55.8116766],[37.4574808,55.8110744],[37.4699771,55.8120376],[37.47715,55.8144468],[37.4830972,55.8154186],[37.4868576,55.815334]]]},"properties":{"addr:country":"RU","addr:region":"Москва","admin_level":"8","alt_name":"муниципальный округ Покровское-Стрешнево","boundary":"administrative","description":"район — административно-территориальная единица; муниципальный округ — тип муниципального образования (с 1 июля 2012)","name":"район Покровское-Стрешнево","name:en":"Pokrovskoye-Streshnevo District","name:ru":"район Покровское-Стрешнево","name:uk":"Район Покровське-Стрешневе","official_status":"ru:внутригородская территория города федерального значения","type":"boundary","wikidata":"Q2367649","wikipedia":"ru:Покровское-Стрешнево (район Москвы)","id":"relation/446081"},"id":"relation/446081"},
{"type":"Feature","geometry":{"type":"Polygon","coordinates":[[[37.5737717,55.8484763],[37.5727074,55.8547347],[37.5667709,55.8544213],[37.5678745,55.859342],[37.5638855,55.8594224],[37.5639699,55.8629806],[37.5666391,55.8635053],[37.5581859,55.87419],[37.5576096,55.878997],[37.5466566,55.8773996],[37.5462771,55.8783185],[37.5337411,55.8761145],[37.5296582,55.8728271],[37.5334659,55.8707431],[37.5485229,55.8636475],[37.5602549,55.8573525],[37.5669075,55.8495149],[37.5737717,55.8484763]]]},"properties":{"admin_level":"8","alt_name":"муниципальный округ Бескудниковский","boundary":"administrative","description":"район — административно-территориальная единица; муниципальный округ — тип муниципального образования (с 1 июля 2012)","name":"Бескудниковский район","name:en":"Beskudnikovsky District","name:ru":"Бескудниковский район","name:uk":"Бескудніковський район","official_status":"ru:внутригородская территория города федерального значения","type":"boundary","wikidata":"Q425824","wikipedia":"ru:Бескудниковский район","id":"relation/446082"},"id":"relation/446082"},
{"type":"Feature","geometry":{"type":"Polygon","coordinates":[[[37.6075412,55.8791079],[37.5980396,55.8858808],[37.5931803,55.8870891],[37.5866771,55.887208],[37.5674047,55.8873023],[37.5684672,55.8769884],[37.571371,55.8701818],[37.5721838,55.8695333],[37.5852988,55.8700079],[37.5862778,55.874814],[37.6075412,55.8791079]]]},"properties":{"admin_level":"8","alt_name":"муниципальный округ Алтуфьевский","boundary":"administrative","description":"район — административно-территориальная единица; муниципальный округ — тип муниципального образования (с 1 июля 2012)","image":"http://commons.wikimedia.org/wiki/Category:Altufievsky","name":"Алтуфьевский район","name:en":"Altufyevsky District","name:ru":"Алтуфьевский район","name:uk":"Алтуфійський район","official_status":"ru:внутригородская территория города федерального значения","type":"boundary","wikidata":"Q2366768","wikipedia":"ru:Алтуфьевский район","id":"relation/446083"},"id":"relation/446083"},
{"type":"Feature","geometry":{"type":"Polygon","coordinates":[[[37.5519785,55.8977748],[37.5640581,55.8932732],[37.5670561,55.8901632],[37.5674047,55.8873023],[37.5866771,55.887208],[37.587266,55.9076062],[37.5909767,55.9136241],[37.5869439,55.9104281],[37.5786006,55.9114343],[37.5705367,55.9110169],[37.5559156,55.9092832],[37.5368342,55.9071173],[37.5386925,55.9039985],[37.5416646,55.901731],[37.5519785,55.8977748]]]},"properties":{"addr:country":"RU","addr:region":"Москва","admin_level":"8","alt_name":"муниципальный округ Лианозово","boundary":"administrative","description":"район — административно-территориальная единица; муниципальный округ — тип муниципального образования (с 1 июля 2012)","image":"http://commons.wikimedia.org/wiki/Category:Lianozovo","name":"район Лианозово","name:en":"Lianozovo District","name:ru":"район Лианозово","name:uk":"Район Ліанозове","official_status":"ru:внутригородская территория города федерального значения","type":"boundary","wikidata":"Q2367455","wikipedia":"ru:Лианозово (район Москвы)","id":"relation/446084"},"id":"relation/446084"},
{"type":"Feature","geometry":{"type":"Polygon","coordinates":[[[37.6440665,55.8976996],[37.6292697,55.8999289],[37.6195224,55.9019203],[37.5931529,55.9089479],[37.5905033,55.9112916],[37.5909767,55.9136241],[37.587266,55.9076062],[37.5866771,55.887208],[37.5931803,55.8870891],[37.5980396,55.8858808],[37.6075412,55.8791079],[37.6169008,55.8803338],[37.6152643,55.8831347],[37.6196477,55.885611],[37.625388,55.8895958],[37.6356092,55.8936801],[37.6440665,55.8976996]]]},"properties":{"addr:country":"RU","addr:region":"Москва","admin_level":"8","alt_name":"муниципальный округ Бибирево","boundary":"administrative","description":"район — административно-территориальная единица; муниципальный округ — тип муниципального образования (с 1 июля 2012)","image":"http://commons.wikimedia.org/wiki/Category:Bibirevo","name":"район Бибирево","name:en":"Bibirevo District","name:ru":"район Бибирево","name:uk":"Район Бібірево","official_status":"ru:внутригородская территория города федерального значения","type":"boundary","wikidata":"Q2367665","wikipedia":"ru:Бибирево (район Москвы)","id":"relation/446085"},"id":"relation/446085"},
{"type":"Feature","geometry":{"type":"Polygon","coordinates":[[[37.65733,55.8766105],[37.6573231,55.8794717],[37.6596463,55.8811322],[37.6653545,55.8823582],[37.6719404,55.8821357],[37.6751109,55.8836915],[37.6782185,55.8832515],[37.6811936,55.8857423],[37.6819036,55.887967],[37.6846787,55.8910976],[37.6851245,55.8951999],[37.6769548,55.8954621],[37.6731529,55.8970332],[37.6691834,55.8956784],[37.6566763,55.8963845],[37.6440665,55.8976996],[37.6356092,55.8936801],[37.625388,55.8895958],[37.6196477,55.885611],[37.6342147,55.8848985],[37.6417309,55.8841313],[37.6363536,55.8784143],[37.6463001,55.877343],[37.65733,55.8766105]]]},"properties":{"admin_level":"8","alt_name":"муниципальный округ Северное Медведково","boundary":"administrative","description":"район — административно-территориальная единица; муниципальный округ — тип муниципального образования (с 1 июля 2012)","name":"район Северное Медведково","name:en":"Severnoye Medvedkovo District","name:ru":"район Северное Медведково","name:uk":"Район Північне Медведкове","official_status":"ru:внутригородская территория города федерального значения","type":"boundary","wikidata":"Q2367583","wikipedia":"ru:Северное Медведково","id":"relation/446086"},"id":"relation/446086"},
{"type":"Feature","geometry":{"type":"Polygon","coordinates":[[[37.6169008,55.8803338],[37.6156388,55.8781211],[37.616272,55.8752242],[37.6197763,55.8727212],[37.6291471,55.8687327],[37.6303758,55.865319],[37.6351086,55.8613697],[37.6417319,55.8653231],[37.6476199,55.8665361],[37.6516027,55.8703214],[37.6556686,55.8713233],[37.6586625,55.8733271],[37.65733,55.8766105],[37.6463001,55.877343],[37.6363536,55.8784143],[37.6417309,55.8841313],[37.6342147,55.8848985],[37.6196477,55.885611],[37.6152643,55.8831347],[37.6169008,55.8803338]]]},"properties":{"addr:country":"RU","addr:region":"Москва","admin_level":"8","alt_name":"муниципальный округ Южное Медведково","boundary":"administrative","description":"район — административно-территориальная единица; муниципальный округ — тип муниципального образования (с 1 июля 2012)","name":"район Южное Медведково","name:en":"Yuzhnoye Medvedkovo District","name:ru":"район Южное Медведково","name:uk":"Район Південне Медведкове","official_status":"ru:внутригородская территория города федерального значения","type":"boundary","wikidata":"Q2366143","wikipedia":"ru:Южное Медведково","id":"relation/446087"},"id":"relation/446087"},
{"type":"Feature","geometry":{"type":"Polygon","coordinates":[[[37.4985676,55.7228538],[37.4892942,55.7330146],[37.4801615,55.7430534],[37.4542991,55.735917],[37.4527229,55.7372394],[37.4449168,55.7348261],[37.4379546,55.7372586],[37.4434467,55.7342407],[37.4452009,55.7323871],[37.4476114,55.7269112],[37.4543739,55.7113986],[37.4546998,55.7099588],[37.4607919,55.7110732],[37.4638885,55.7103375],[37.4675179,55.7127907],[37.4638008,55.7139221],[37.4668179,55.7156112],[37.4707306,55.7146399],[37.4720821,55.7169883],[37.4691321,55.7185028],[37.4767602,55.721529],[37.4846734,55.7207588],[37.4886947,55.7183157],[37.4931321,55.7188817],[37.4949329,55.720101],[37.4985676,55.7228538]]]},"properties":{"admin_level":"8","alt_name":"муниципальный округ Фили-Давыдково","boundary":"administrative","description":"район — административно-территориальная единица; муниципальный округ — тип муниципального образования (с 1 июля 2012)","name":"район Фили-Давыдково","name:en":"Fili-Davydkovo District","name:ru":"район Фили-Давыдково","name:uk":"Район Філі-Давидково","official_status":"ru:внутригородская территория города федерального значения","type":"boundary","wikidata":"Q1963181","wikipedia":"ru:Фили-Давыдково","id":"relation/446111"},"id":"relation/446111"},
{"type":"Feature","geometry":{"type":"Polygon","coordinates":[[[37.5224216,55.7472846],[37.5181443,55.7532109],[37.516299,55.7568334],[37.5139298,55.7584219],[37.5058276,55.7617836],[37.4981458,55.7655019],[37.4897158,55.7679596],[37.4800361,55.7677128],[37.476388,55.7645104],[37.4767739,55.7569059],[37.4761731,55.7522932],[37.4741561,55.7485012],[37.4673755,55.7440325],[37.4617965,55.7418583],[37.4553163,55.7406021],[37.4465186,55.7418583],[37.4373777,55.7464239],[37.4369216,55.7492638],[37.4330442,55.7500589],[37.4293978,55.7493666],[37.426586,55.7477294],[37.4314399,55.7457838],[37.4332033,55.7426361],[37.4394908,55.7397079],[37.4379546,55.7372586],[37.4449168,55.7348261],[37.4527229,55.7372394],[37.4542991,55.735917],[37.4801615,55.7430534],[37.4892942,55.7330146],[37.4985357,55.734604],[37.5080311,55.7380123],[37.5144352,55.7437282],[37.5224216,55.7472846]]]},"properties":{"admin_level":"8","alt_name":"муниципальный округ Филёвский Парк","boundary":"administrative","description":"район — административно-территориальная единица; муниципальный округ — тип муниципального образования (с 1 июля 2012)","name":"район Филёвский Парк","name:de":"Rajon Filjowski Park","name:en":"Filyovsky Park District","name:ru":"район Филёвский Парк","name:uk":"Район Філівський Парк","official_status":"ru:внутригородская территория города федерального значения","type":"boundary","wikidata":"Q998027","wikipedia":"ru:Филёвский Парк (район Москвы)","id":"relation/446112"},"id":"relation/446112"},
{"type":"Feature","geometry":{"type":"Polygon","coordinates":[[[37.5477856,55.7280681],[37.5530345,55.7299466],[37.5636326,55.7350954],[37.5683267,55.7385525],[37.5741284,55.745431],[37.5744922,55.7488635],[37.5720599,55.7520197],[37.5678832,55.7533558],[37.5601783,55.7530784],[37.5545352,55.7514364],[37.5435502,55.7465205],[37.5373495,55.7447767],[37.527972,55.7446122],[37.5224216,55.7472846],[37.5144352,55.7437282],[37.5080311,55.7380123],[37.4985357,55.734604],[37.4892942,55.7330146],[37.4985676,55.7228538],[37.5040325,55.7248924],[37.518486,55.7314259],[37.5313197,55.7351321],[37.5384748,55.7362112],[37.5428701,55.7331394],[37.5477856,55.7280681]]]},"properties":{"admin_level":"8","alt_name":"муниципальный округ Дорогомилово","boundary":"administrative","description":"район — административно-территориальная единица; муниципальный округ — тип муниципального образования (с 1 июля 2012)","name":"район Дорогомилово","name:en":"Dorogomilovo District","name:ru":"район Дорогомилово","name:uk":"Район Дорогомилове","official_status":"ru:внутригородская территория города федерального значения","type":"boundary","wikidata":"Q2358875","wikipedia":"ru:Дорогомилово (район Москвы)","id":"relation/446114"},"id":"relation/446114"},
{"type":"Feature","geometry":{"type":"Polygon","coordinates":[[[37.4775617,55.6859265],[37.4813805,55.6811258],[37.4862705,55.6821907],[37.4899018,55.6838222],[37.4870018,55.6873662],[37.4886718,55.6886149],[37.4941143,55.6867022],[37.4980539,55.6880291],[37.5057256,55.6878943],[37.5070833,55.6848696],[37.5116624,55.6797306],[37.5300533,55.689929],[37.5365712,55.6935632],[37.5592321,55.7102802],[37.552897,55.7109726],[37.5485159,55.7122628],[37.5433307,55.7156172],[37.5410812,55.7201251],[37.5418635,55.7240396],[37.5449026,55.7270557],[37.5477856,55.7280681],[37.5428701,55.7331394],[37.5384748,55.7362112],[37.5313197,55.7351321],[37.518486,55.7314259],[37.5040325,55.7248924],[37.4985676,55.7228538],[37.4949329,55.720101],[37.4930927,55.7178328],[37.4929288,55.7134944],[37.4905934,55.7092836],[37.4881493,55.7073505],[37.4771605,55.7026248],[37.4695454,55.6981992],[37.4663185,55.6945259],[37.4775617,55.6859265]]]},"properties":{"admin_level":"8","alt_name":"муниципальный округ Раменки","boundary":"administrative","description":"район — административно-территориальная единица; муниципальный округ — тип муниципального образования (с 1 июля 2012)","name":"район Раменки","name:en":"Ramenki District","name:ru":"район Раменки","name:uk":"Район Раменки","official_status":"ru:внутригородская территория города федерального значения","type":"boundary","wikidata":"Q2359096","wikipedia":"ru:Раменки (район Москвы)","id":"relation/446115"},"id":"relation/446115"},
{"type":"Feature","geometry":{"type":"Polygon","coordinates":[[[37.3697653,55.6595194],[37.3678536,55.6532045],[37.3707423,55.6510625],[37.3766483,55.651118],[37.3770008,55.6491767],[37.3748493,55.6478146],[37.3740057,55.6449125],[37.3757756,55.6417232],[37.3744504,55.6379963],[37.3809515,55.6326871],[37.3886019,55.6316954],[37.3876952,55.6284972],[37.3927062,55.6279914],[37.3980315,55.628705],[37.4044301,55.6284557],[37.4102135,55.6261802],[37.4184916,55.6262336],[37.4417401,55.6321821],[37.4485741,55.6342436],[37.4554342,55.6372228],[37.4567711,55.6405261],[37.436554,55.6575984],[37.4322665,55.662011],[37.4305568,55.6638327],[37.4180305,55.6805476],[37.417481,55.6807762],[37.410585,55.6780483],[37.4059717,55.6744578],[37.4040325,55.6710433],[37.4130736,55.6674098],[37.4154573,55.6647647],[37.4094801,55.6629639],[37.4021647,55.6615229],[37.3941332,55.6609367],[37.3895322,55.6617602],[37.3861581,55.6645757],[37.380066,55.6644295],[37.378318,55.6598282],[37.3769914,55.659102],[37.3697653,55.6595194]]]},"properties":{"admin_level":"8","alt_name":"муниципальный округ Солнцево","boundary":"administrative","description":"район — административно-территориальная единица; муниципальный округ — тип муниципального образования (с 1 июля 2012)","name":"район Солнцево","name:en":"Solntsevo District","name:ru":"район Солнцево","name:uk":"Район Солнцеве","official_status":"ru:внутригородская территория города федерального значения","type":"boundary","wikidata":"Q486720","wikipedia":"ru:Солнцево (район Москвы)","id":"relation/446116"},"id":"relation/446116"},
{"type":"Feature","geometry":{"type":"Polygon","coordinates":[[[37.3410192,55.657135],[37.3430571,55.6540578],[37.33786,55.652824],[37.3308966,55.6472771],[37.3320472,55.6459378],[37.3298184,55.6398738],[37.3344062,55.6384799],[37.3360563,55.635179],[37.3385496,55.635488],[37.3437832,55.6324281],[37.3561172,55.6305762],[37.3638921,55.6279324],[37.3686851,55.6248944],[37.3722889,55.620327],[37.374229,55.6146963],[37.4020067,55.6218125],[37.4184916,55.6262336],[37.4102135,55.6261802],[37.4044301,55.6284557],[37.3980315,55.628705],[37.3927062,55.6279914],[37.3876952,55.6284972],[37.3886019,55.6316954],[37.3809515,55.6326871],[37.3744504,55.6379963],[37.3757756,55.6417232],[37.3740057,55.6449125],[37.3748493,55.6478146],[37.3770008,55.6491767],[37.3766483,55.651118],[37.3707423,55.6510625],[37.3678536,55.6532045],[37.3697653,55.6595194],[37.3699988,55.6679968],[37.3646174,55.6691244],[37.358244,55.6660449],[37.3584524,55.6625761],[37.3528876,55.6603377],[37.3505088,55.6624102],[37.3535824,55.6637243],[37.3480466,55.6658288],[37.3484908,55.6629065],[37.3445895,55.6624264],[37.3421483,55.6600398],[37.3410192,55.657135]]]},"properties":{"admin_level":"8","alt_name":"муниципальный округ Ново-Переделкино","boundary":"administrative","description":"район — административно-территориальная единица; муниципальный округ — тип муниципального образования (с 1 июля 2012)","name":"Ново-Переделкино","name:en":"Novo-Peredelkino District","name:ru":"Ново-Переделкино","name:uk":"Ново-Переделкіне","official_status":"ru:внутригородская территория города федерального значения","type":"boundary","wikidata":"Q2364381","wikipedia":"ru:Ново-Переделкино","id":"relation/446117"},"id":"relation/446117"},
{"type":"Feature","geometry":{"type":"Polygon","coordinates":[[[37.6702104,55.8387396],[37.6763165,55.8388216],[37.6783464,55.8418159],[37.6903183,55.8480056],[37.6922264,55.8503067],[37.6922843,55.8529088],[37.6867679,55.8545129],[37.6907472,55.8561774],[37.6947455,55.8533753],[37.6937646,55.8520726],[37.6968229,55.8481609],[37.7035867,55.8487733],[37.7056434,55.8479445],[37.7140751,55.8469149],[37.7201692,55.8505716],[37.7216393,55.8529241],[37.7180173,55.8606073],[37.7094382,55.8609111],[37.7076994,55.8655185],[37.7158133,55.8701542],[37.719672,55.8736992],[37.7242557,55.873008],[37.7318197,55.8749452],[37.7310102,55.8768929],[37.7347837,55.8784053],[37.7297017,55.8810572],[37.7275238,55.8839511],[37.7243624,55.8838019],[37.7197072,55.8859102],[37.7145266,55.8823701],[37.6818107,55.8615421],[37.6745956,55.8564391],[37.6725244,55.8535109],[37.6719431,55.8504254],[37.6714545,55.8468087],[37.663447,55.8408247],[37.6702104,55.8387396]]]},"properties":{"admin_level":"8","alt_name":"муниципальный округ Ярославский","boundary":"administrative","description":"район — административно-территориальная единица; муниципальный округ — тип муниципального образования (с 1 июля 2012)","name":"Ярославский район","name:en":"Yaroslavsky District","name:ru":"Ярославский район","name:uk":"Ярославський район","official_status":"ru:внутригородская территория города федерального значения","type":"boundary","wikidata":"Q2367611","wikipedia":"ru:Ярославский район (Москва)","id":"relation/446271"},"id":"relation/446271"},
{"type":"Feature","geometry":{"type":"Polygon","coordinates":[[[37.6358304,55.8457449],[37.6366978,55.8378155],[37.6320152,55.8382401],[37.6320152,55.8359499],[37.6342529,55.8338081],[37.6371044,55.8333867],[37.6496267,55.8289427],[37.6534989,55.8303904],[37.654399,55.8286426],[37.6653016,55.8265852],[37.6706941,55.8243936],[37.6715749,55.8290255],[37.6702104,55.8387396],[37.663447,55.8408247],[37.6537062,55.8438367],[37.6482566,55.8449474],[37.6358304,55.8457449]]]},"properties":{"admin_level":"8","alt_name":"муниципальный округ Ростокино","boundary":"administrative","description":"район — административно-территориальная единица; муниципальный округ — тип муниципального образования (с 1 июля 2012)","name":"район Ростокино","name:en":"Rostokino District","name:ru":"район Ростокино","name:uk":"Район Ростокине","official_status":"ru:внутригородская территория города федерального значения","type":"boundary","wikidata":"Q2366666","wikipedia":"ru:Ростокино (район Москвы)","id":"relation/446272"},"id":"relation/446272"},
{"type":"Feature","geometry":{"type":"Polygon","coordinates":[[[37.7330151,55.6919342],[37.7388492,55.6916183],[37.742393,55.690073],[37.7473465,55.690254],[37.754249,55.6889585],[37.7556934,55.6907633],[37.7559618,55.6916568],[37.7457286,55.7072387],[37.7478168,55.7077911],[37.7490007,55.7103029],[37.7425172,55.7207647],[37.7394989,55.7242326],[37.7356579,55.7250641],[37.7171026,55.7217364],[37.7263897,55.7141853],[37.7292894,55.7100276],[37.7300937,55.7012461],[37.7316163,55.6939762],[37.7330151,55.6919342]]]},"properties":{"admin_level":"8","alt_name":"муниципальный округ Текстильщики","boundary":"administrative","description":"район — административно-территориальная единица; муниципальный округ — тип муниципального образования (с 1 июля 2012)","name":"район Текстильщики","name:en":"Tekstilshchiki District","name:ru":"район Текстильщики","name:uk":"Район Текстильники","official_status":"ru:внутригородская территория города федерального значения","type":"boundary","wikidata":"Q1963126","wikipedia":"ru:Текстильщики (район Москвы)","id":"relation/455184"},"id":"relation/455184"},
{"type":"Feature","geometry":{"type":"Polygon","coordinates":[[[37.7131287,55.65852],[37.7156112,55.658291],[37.7205172,55.6602585],[37.7265126,55.656643],[37.7373817,55.6601351],[37.7502351,55.6659897],[37.7590806,55.6675039],[37.7639101,55.6688607],[37.7674173,55.6677831],[37.7749483,55.6671603],[37.7823549,55.6635434],[37.7879633,55.6584981],[37.7941161,55.6575734],[37.8123414,55.6574151],[37.8413901,55.6567029],[37.840133,55.6582724],[37.8395998,55.6640071],[37.8345286,55.67789],[37.830383,55.6772759],[37.8250236,55.6795105],[37.8219979,55.6782862],[37.8180946,55.6803695],[37.8079326,55.6746361],[37.8043913,55.6779374],[37.8053178,55.6802812],[37.8025289,55.6804869],[37.7983293,55.6801875],[37.7925022,55.6831211],[37.7888801,55.6812958],[37.7850256,55.683413],[37.7626337,55.6881278],[37.7611207,55.6905896],[37.7556934,55.6907633],[37.754249,55.6889585],[37.7473465,55.690254],[37.742393,55.690073],[37.7388492,55.6916183],[37.7330151,55.6919342],[37.734893,55.6874275],[37.7312646,55.6795086],[37.7252036,55.6689559],[37.7221103,55.6651326],[37.7131287,55.65852]]]},"properties":{"addr:country":"RU","addr:region":"Москва","admin_level":"8","alt_name":"муниципальный округ Люблино","boundary":"administrative","description":"район — административно-территориальная единица; муниципальный округ — тип муниципального образования (с 1 июля 2012)","name":"район Люблино","name:en":"Lyublino District","name:ru":"район Люблино","name:uk":"Район Любліне","official_status":"ru:внутригородская территория города федерального значения","type":"boundary","wikidata":"Q1963431","wikipedia":"ru:Люблино (район Москвы)","id":"relation/455203"},"id":"relation/455203"},
{"type":"Feature","geometry":{"type":"Polygon","coordinates":[[[37.793561,55.6229597],[37.8181167,55.6390925],[37.822929,55.6393215],[37.8226572,55.6416176],[37.8320939,55.6480497],[37.8360608,55.6512213],[37.8388958,55.6552445],[37.8413901,55.6567029],[37.8123414,55.6574151],[37.7941161,55.6575734],[37.7879633,55.6584981],[37.783447,55.6485454],[37.7855069,55.6451066],[37.7838332,55.6425879],[37.7850349,55.6332623],[37.7897556,55.6257517],[37.793561,55.6229597]]]},"properties":{"addr:country":"RU","addr:region":"Москва","admin_level":"8","alt_name":"муниципальный округ Капотня","boundary":"administrative","description":"район — административно-территориальная единица; муниципальный округ — тип муниципального образования (с 1 июля 2012)","name":"район Капотня","name:en":"Kapotnya District","name:ru":"район Капотня","name:uk":"Район Капотня","official_status":"ru:внутригородская территория города федерального значения","type":"boundary","wikidata":"Q1963403","wikipedia":"ru:Капотня (район)","id":"relation/455208"},"id":"relation/455208"},
{"type":"Feature","geometry":{"type":"Polygon","coordinates":[[[37.7879633,55.6584981],[37.7823549,55.6635434],[37.7749483,55.6671603],[37.7674173,55.6677831],[37.7639101,55.6688607],[37.7590806,55.6675039],[37.7502351,55.6659897],[37.7373817,55.6601351],[37.7265126,55.656643],[37.7205172,55.6602585],[37.7156112,55.658291],[37.7131287,55.65852],[37.6993295,55.6482306],[37.6929061,55.6438288],[37.6994168,55.6421218],[37.7132784,55.6394575],[37.7295024,55.6408925],[37.7453811,55.6398994],[37.7495868,55.640626],[37.766195,55.6454457],[37.7797992,55.6487391],[37.783447,55.6485454],[37.7879633,55.6584981]]]},"properties":{"admin_level":"8","alt_name":"муниципальный округ Марьино","boundary":"administrative","description":"район — административно-территориальная единица; муниципальный округ — тип муниципального образования (с 1 июля 2012)","name":"район Марьино","name:en":"Maryino District","name:ru":"район Марьино","name:uk":"Район Мар'їно","official_status":"ru:внутригородская территория города федерального значения","type":"boundary","wikidata":"Q1958176","wikipedia":"ru:Марьино (район Москвы)","id":"relation/455222"},"id":"relation/455222"},
{"type":"Feature","geometry":{"type":"Polygon","coordinates":[[[37.7002664,55.7207102],[37.6790775,55.7147847],[37.6862771,55.7061783],[37.6911869,55.7059617],[37.6869601,55.700175],[37.6842701,55.6974223],[37.6947839,55.6953506],[37.7075727,55.6932705],[37.7121217,55.6884568],[37.71195,55.6813198],[37.7047617,55.6773626],[37.6893415,55.6727019],[37.6874025,55.6711564],[37.6824243,55.6706239],[37.6750428,55.6676469],[37.6732404,55.6651055],[37.6716027,55.6563638],[37.6716505,55.6543508],[37.6745688,55.65176],[37.6889454,55.6452218],[37.6929061,55.6438288],[37.6993295,55.6482306],[37.7131287,55.65852],[37.7221103,55.6651326],[37.7252036,55.6689559],[37.7312646,55.6795086],[37.734893,55.6874275],[37.7330151,55.6919342],[37.7316163,55.6939762],[37.7300937,55.7012461],[37.7292894,55.7100276],[37.7263897,55.7141853],[37.7171026,55.7217364],[37.7150397,55.7235362],[37.7022453,55.7197385],[37.7002664,55.7207102]]]},"properties":{"admin_level":"8","alt_name":"муниципальный округ Печатники","boundary":"administrative","description":"район — административно-территориальная единица; муниципальный округ — тип муниципального образования (с 1 июля 2012)","name":"район Печатники","name:en":"Pechatniki District","name:ru":"район Печатники","name:uk":"Район Друкарі","official_status":"ru:внутригородская территория города федерального значения","type":"boundary","wikidata":"Q2367394","wikipedia":"ru:Печатники (район Москвы)","id":"relation/455451"},"id":"relation/455451"},
{"type":"Feature","geometry":{"type":"Polygon","coordinates":[[[37.6716027,55.6563638],[37.6732404,55.6651055],[37.6750428,55.6676469],[37.6824243,55.6706239],[37.6874025,55.6711564],[37.6893415,55.6727019],[37.7047617,55.6773626],[37.71195,55.6813198],[37.7121217,55.6884568],[37.7075727,55.6932705],[37.6947839,55.6953506],[37.6842701,55.6974223],[37.6744855,55.6985085],[37.6709548,55.7005007],[37.6672891,55.7007415],[37.6652416,55.6862244],[37.6644865,55.680689],[37.6614042,55.6683995],[37.654416,55.659823],[37.6536033,55.654804],[37.6553244,55.6528323],[37.6594373,55.6506381],[37.6698984,55.6562463],[37.6716027,55.6563638]]]},"properties":{"admin_level":"8","alt_name":"муниципальный округ Нагатинский Затон","boundary":"administrative","description":"район — административно-территориальная единица; муниципальный округ — тип муниципального образования (с 1 июля 2012)","name":"район Нагатинский Затон","name:be":"Нагацінскі Затон","name:en":"Nagatinsky Zaton District","name:ru":"район Нагатинский Затон","name:uk":"Район Нагатинський Затон","official_status":"ru:внутригородская территория города федерального значения","type":"boundary","wikidata":"Q1963453","wikipedia":"ru:Нагатинский Затон (район Москвы)","id":"relation/455460"},"id":"relation/455460"},
{"type":"Feature","geometry":{"type":"Polygon","coordinates":[[[37.6869546,55.6363412],[37.6893926,55.6336546],[37.6904024,55.6280519],[37.7044241,55.6297835],[37.7073453,55.6307468],[37.7158954,55.6312037],[37.7290994,55.6307643],[37.7277423,55.6354212],[37.7295024,55.6408925],[37.7132784,55.6394575],[37.6994168,55.6421218],[37.6929061,55.6438288],[37.6889454,55.6452218],[37.6745688,55.65176],[37.6716505,55.6543508],[37.6716027,55.6563638],[37.6698984,55.6562463],[37.6594373,55.6506381],[37.6418411,55.6583332],[37.63704,55.6549614],[37.6342589,55.65653],[37.6318314,55.656195],[37.6224611,55.6575337],[37.6221414,55.6518394],[37.6244246,55.6425363],[37.6250668,55.6399782],[37.633162,55.6397116],[37.6417705,55.6408549],[37.6412176,55.6385984],[37.6547667,55.637553],[37.6546922,55.6384152],[37.6818354,55.6365431],[37.6869546,55.6363412]]]},"properties":{"admin_level":"8","alt_name":"муниципальный округ Москворечье-Сабурово","boundary":"administrative","description":"район — административно-территориальная единица; муниципальный округ — тип муниципального образования (с 1 июля 2012)","name":"район Москворечье-Сабурово","name:be":"Маскварэчча-Сабурава","name:en":"Moskvorechye-Saburovo District","name:ru":"район Москворечье-Сабурово","name:uk":"Район Москворіччя-Сабурове","official_status":"ru:внутригородская территория города федерального значения","type":"boundary","wikidata":"Q1963190","wikipedia":"ru:Москворечье-Сабурово","id":"relation/455528"},"id":"relation/455528"},
{"type":"Feature","geometry":{"type":"Polygon","coordinates":[[[37.6914055,55.6069068],[37.6945547,55.6056666],[37.7034708,55.6086634],[37.7303698,55.6130151],[37.7280849,55.617933],[37.7273901,55.6270881],[37.7290994,55.6307643],[37.7158954,55.6312037],[37.7073453,55.6307468],[37.7044241,55.6297835],[37.6904024,55.6280519],[37.6893926,55.6336546],[37.6869546,55.6363412],[37.6840472,55.6300221],[37.6713878,55.6199826],[37.6751081,55.6216095],[37.6801071,55.6216764],[37.6777359,55.6178977],[37.6778832,55.6142494],[37.680531,55.610099],[37.6874303,55.6074423],[37.6914055,55.6069068]]]},"properties":{"addr:country":"RU","addr:region":"Москва","admin_level":"8","alt_name":"муниципальный округ Орехово-Борисово Северное","boundary":"administrative","description":"район — административно-территориальная единица; муниципальный округ — тип муниципального образования (с 1 июля 2012)","name":"район Орехово-Борисово Северное","name:be":"Арэхава-Барысава Паўночнае","name:en":"Orekhovo-Borisovo Severnoye District","name:ru":"район Орехово-Борисово Северное","name:uk":"Район Оріхово-Борисове Північне","official_status":"ru:внутригородская территория города федерального значения","type":"boundary","wikidata":"Q1962775","wikipedia":"ru:Орехово-Борисово Северное","id":"relation/455539"},"id":"relation/455539"},
{"type":"Feature","geometry":{"type":"Polygon","coordinates":[[[37.7850531,55.6168196],[37.7803651,55.6187362],[37.774777,55.6191478],[37.7727326,55.6162861],[37.7605867,55.6136775],[37.7542898,55.6117398],[37.7491059,55.6110947],[37.7426082,55.6115153],[37.7313025,55.6112028],[37.7303698,55.6130151],[37.7034708,55.6086634],[37.6945547,55.6056666],[37.6914055,55.6069068],[37.6923578,55.6052039],[37.7002315,55.6017183],[37.7016727,55.5998287],[37.7054676,55.5983188],[37.7087799,55.5981613],[37.7170434,55.5957187],[37.7245037,55.5893131],[37.7263489,55.5900666],[37.731996,55.5900768],[37.733529,55.5929779],[37.7507263,55.6002133],[37.7572893,55.603425],[37.7759098,55.6137839],[37.7800723,55.6158902],[37.7850531,55.6168196]]]},"properties":{"addr:country":"RU","addr:region":"Москва","admin_level":"8","alt_name":"муниципальный округ Орехово-Борисово Южное","boundary":"administrative","description":"район — административно-территориальная единица; муниципальный округ — тип муниципального образования (с 1 июля 2012)","name":"Орехово-Борисово Южное","name:en":"Orekhovo-Borisovo Yuzhnoye District","name:ru":"район Орехово-Борисово Южное","name:uk":"Оріхово-Борисове Південне","official_status":"ru:внутригородская территория города федерального значения","type":"boundary","wikidata":"Q2058744","wikipedia":"ru:Орехово-Борисово Южное","id":"relation/456807"},"id":"relation/456807"},
{"type":"Feature","geometry":{"type":"Polygon","coordinates":[[[37.774777,55.6191478],[37.768909,55.619701],[37.7599742,55.6232199],[37.7544885,55.6265046],[37.7513923,55.6309637],[37.7374582,55.6312676],[37.7290994,55.6307643],[37.7273901,55.6270881],[37.7280849,55.617933],[37.7303698,55.6130151],[37.7313025,55.6112028],[37.7426082,55.6115153],[37.7491059,55.6110947],[37.7542898,55.6117398],[37.7605867,55.6136775],[37.7727326,55.6162861],[37.774777,55.6191478]]]},"properties":{"addr:country":"RU","addr:region":"Москва","admin_level":"8","alt_name":"муниципальный округ Зябликово","boundary":"administrative","description":"район — административно-территориальная единица; муниципальный округ — тип муниципального образования (с 1 июля 2012)","name":"район Зябликово","name:be":"Зяблікава","name:en":"Zyablikovo District","name:ru":"район Зябликово","name:uk":"Район Зябликове","official_status":"ru:внутригородская территория города федерального значения","type":"boundary","wikidata":"Q1963114","wikipedia":"ru:Зябликово (район Москвы)","id":"relation/531264"},"id":"relation/531264"},
{"type":"Feature","geometry":{"type":"Polygon","coordinates":[[[37.7295024,55.6408925],[37.7277423,55.6354212],[37.7290994,55.6307643],[37.7374582,55.6312676],[37.7513923,55.6309637],[37.7544885,55.6265046],[37.7599742,55.6232199],[37.768909,55.619701],[37.774777,55.6191478],[37.7803651,55.6187362],[37.7850531,55.6168196],[37.783705,55.6179699],[37.793561,55.6229597],[37.7897556,55.6257517],[37.7850349,55.6332623],[37.7838332,55.6425879],[37.7855069,55.6451066],[37.783447,55.6485454],[37.7797992,55.6487391],[37.766195,55.6454457],[37.7495868,55.640626],[37.7453811,55.6398994],[37.7295024,55.6408925]]]},"properties":{"addr:country":"RU","addr:region":"Москва","admin_level":"8","alt_name":"муниципальный округ Братеево","boundary":"administrative","description":"район — административно-территориальная единица; муниципальный округ — тип муниципального образования (с 1 июля 2012)","name":"район Братеево","name:be":"Брацеева","name:en":"Brateyevo District","name:ru":"район Братеево","name:uk":"Район Братєєво","official_status":"ru:внутригородская территория города федерального значения","type":"boundary","wikidata":"Q1963015","wikipedia":"ru:Братеево (район Москвы)","id":"relation/531287"},"id":"relation/531287"},
{"type":"Feature","geometry":{"type":"Polygon","coordinates":[[[37.6218603,55.6907301],[37.62394,55.6818638],[37.6271573,55.6726145],[37.6228581,55.666844],[37.6224611,55.6575337],[37.6318314,55.656195],[37.6342589,55.65653],[37.63704,55.6549614],[37.6418411,55.6583332],[37.6594373,55.6506381],[37.6553244,55.6528323],[37.6536033,55.654804],[37.654416,55.659823],[37.6614042,55.6683995],[37.6644865,55.680689],[37.6652416,55.6862244],[37.6439292,55.6844893],[37.6361186,55.6846102],[37.6315696,55.6866666],[37.6288682,55.6917492],[37.6218603,55.6907301]]]},"properties":{"admin_level":"8","alt_name":"муниципальный округ Нагатино-Садовники","boundary":"administrative","description":"район — административно-территориальная единица; муниципальный округ — тип муниципального образования (с 1 июля 2012)","name":"район Нагатино-Садовники","name:be":"Нагаціна-Садоўнікі","name:en":"Nagatino-Sadovniki District","name:ru":"район Нагатино-Садовники","name:uk":"Район Нагатине-Садівники","official_status":"ru:внутригородская территория города федерального значения","type":"boundary","wikidata":"Q1963039","wikipedia":"ru:Нагатино-Садовники","id":"relation/535655"},"id":"relation/535655"},
{"type":"Feature","geometry":{"type":"Polygon","coordinates":[[[37.6076464,55.6640831],[37.6135718,55.6634793],[37.605395,55.6564188],[37.6056701,55.6413716],[37.6197743,55.6405441],[37.6197417,55.642191],[37.6244246,55.6425363],[37.6221414,55.6518394],[37.6224611,55.6575337],[37.6228581,55.666844],[37.6271573,55.6726145],[37.62394,55.6818638],[37.6218603,55.6907301],[37.6147965,55.6893176],[37.6095605,55.6891626],[37.6037381,55.6905249],[37.6051012,55.6891501],[37.6050228,55.6857954],[37.6099106,55.6838812],[37.6137024,55.6844758],[37.6146941,55.6805557],[37.6073783,55.6746682],[37.6059069,55.6690658],[37.6116452,55.66608],[37.6076464,55.6640831]]]},"properties":{"admin_level":"8","alt_name":"муниципальный округ Нагорный","boundary":"administrative","description":"район — административно-территориальная единица; муниципальный округ — тип муниципального образования (с 1 июля 2012)","name":"Нагорный район","name:be":"Нагорны","name:en":"Nagorny District","name:ru":"Нагорный район","name:uk":"Нагірний район","official_status":"ru:внутригородская территория города федерального значения","type":"boundary","wikidata":"Q1963134","wikipedia":"ru:Нагорный район (Москва)","id":"relation/535662"},"id":"relation/535662"},
{"type":"Feature","geometry":{"type":"Polygon","coordinates":[[[37.6308675,55.6218782],[37.6285641,55.6262526],[37.6250668,55.6399782],[37.6244246,55.6425363],[37.6197417,55.642191],[37.6197743,55.6405441],[37.6056701,55.6413716],[37.5945131,55.6419632],[37.5894153,55.642579],[37.5803884,55.6453262],[37.5816655,55.6372043],[37.577406,55.6343603],[37.5772657,55.6326769],[37.5858587,55.6311686],[37.5843505,55.6266836],[37.5827831,55.6251651],[37.5858366,55.6250892],[37.5882517,55.6235033],[37.5917909,55.6240571],[37.6141762,55.6206696],[37.6148946,55.6222578],[37.6229703,55.6210993],[37.6308675,55.6218782]]]},"properties":{"admin_level":"8","alt_name":"муниципальный округ Чертаново Северное","boundary":"administrative","description":"район — административно-территориальная единица; муниципальный округ — тип муниципального образования (с 1 июля 2012)","name":"район Чертаново Северное","name:be":"Чартанава Паўночнае","name:en":"Chertanovo Severnoye District","name:uk":"Район Чертанове Північне","official_status":"ru:внутригородская территория города федерального значения","population":"110641","type":"boundary","wikidata":"Q1962799","wikipedia":"ru:Чертаново Северное","id":"relation/535680"},"id":"relation/535680"},
{"type":"Feature","geometry":{"type":"Polygon","coordinates":[[[37.8025289,55.6804869],[37.8053178,55.6802812],[37.8043913,55.6779374],[37.8079326,55.6746361],[37.8180946,55.6803695],[37.8219979,55.6782862],[37.8250236,55.6795105],[37.830383,55.6772759],[37.8345286,55.67789],[37.832464,55.6830379],[37.835849,55.6845696],[37.8433949,55.6817314],[37.8568896,55.6757013],[37.8589569,55.6772117],[37.864792,55.6873501],[37.8647451,55.6882644],[37.8600053,55.6910309],[37.8640933,55.6936883],[37.8561665,55.6987648],[37.858176,55.7012543],[37.85234,55.7041954],[37.8360239,55.709776],[37.7991182,55.7221056],[37.7945449,55.707374],[37.7893802,55.6903614],[37.7876734,55.6886098],[37.7911241,55.6871052],[37.7985774,55.6889831],[37.8056978,55.6875887],[37.8025289,55.6804869]]]},"properties":{"addr:country":"RU","addr:region":"Москва","admin_level":"8","alt_name":"муниципальный округ Выхино-Жулебино","boundary":"administrative","description":"район — административно-территориальная единица; муниципальный округ — тип муниципального образования (с 1 июля 2012)","name":"район Выхино-Жулебино","name:be":"раён Выхіна-Жулебіна","name:en":"Vykhino-Zhulebino District","name:ru":"район Выхино-Жулебино","name:uk":"Район Вихіно-Жулебіне","official_status":"ru:внутригородская территория города федерального значения","type":"boundary","wikidata":"Q533860","wikipedia":"ru:Выхино-Жулебино","id":"relation/548619"},"id":"relation/548619"},
{"type":"Feature","geometry":{"type":"Polygon","coordinates":[[[37.7735886,55.7355061],[37.767519,55.7341543],[37.7758967,55.7299391],[37.7991182,55.7221056],[37.8360239,55.709776],[37.8386129,55.71552],[37.8404157,55.7304867],[37.8425433,55.7471761],[37.8426838,55.749073],[37.8280834,55.7461576],[37.7818849,55.7370032],[37.7735886,55.7355061]]]},"properties":{"addr:country":"RU","addr:region":"Москва","admin_level":"8","alt_name":"муниципальный округ Вешняки","boundary":"administrative","description":"район — административно-территориальная единица; муниципальный округ — тип муниципального образования (с 1 июля 2012)","name":"район Вешняки","name:be":"раён Вешнякі","name:en":"Veshnyaki District","name:ru":"район Вешняки","name:uk":"Район Вешняки","official_status":"ru:внутригородская территория города федерального значения","type":"boundary","wikidata":"Q1019199","wikipedia":"ru:Вешняки (район Москвы)","id":"relation/574667"},"id":"relation/574667"},
{"type":"Feature","geometry":{"type":"Polygon","coordinates":[[[37.6713878,55.6199826],[37.6672219,55.617434],[37.6601927,55.6153409],[37.6468457,55.6125372],[37.6407213,55.6105027],[37.6491177,55.6010795],[37.6593838,55.5833863],[37.6610818,55.5763129],[37.664279,55.5716295],[37.6760494,55.5720884],[37.6858456,55.5740918],[37.6917206,55.5729498],[37.6926914,55.5771598],[37.715551,55.5857414],[37.7245037,55.5893131],[37.7170434,55.5957187],[37.7087799,55.5981613],[37.7054676,55.5983188],[37.7016727,55.5998287],[37.7002315,55.6017183],[37.6923578,55.6052039],[37.6914055,55.6069068],[37.6874303,55.6074423],[37.680531,55.610099],[37.6778832,55.6142494],[37.6777359,55.6178977],[37.6801071,55.6216764],[37.6751081,55.6216095],[37.6713878,55.6199826]]]},"properties":{"addr:country":"RU","addr:region":"Москва","admin_level":"8","alt_name":"муниципальный округ Бирюлёво Восточное","boundary":"administrative","description":"район — административно-территориальная единица; муниципальный округ — тип муниципального образования (с 1 июля 2012)","name":"район Бирюлёво Восточное","name:be":"Бірулева Усходняе","name:en":"Biryulyovo Vostochnoye District","name:ru":"район Бирюлёво Восточное","name:uk":"Район Бірюльово Східне","official_status":"ru:внутригородская территория города федерального значения","type":"boundary","wikidata":"Q1963176","wikipedia":"ru:Бирюлёво Восточное","id":"relation/950639"},"id":"relation/950639"},
{"type":"Feature","geometry":{"type":"Polygon","coordinates":[[[37.6869546,55.6363412],[37.6818354,55.6365431],[37.6546922,55.6384152],[37.6547667,55.637553],[37.6412176,55.6385984],[37.6417705,55.6408549],[37.633162,55.6397116],[37.6250668,55.6399782],[37.6285641,55.6262526],[37.6308675,55.6218782],[37.6348372,55.6149312],[37.6407213,55.6105027],[37.6468457,55.6125372],[37.6601927,55.6153409],[37.6672219,55.617434],[37.6713878,55.6199826],[37.6840472,55.6300221],[37.6869546,55.6363412]]]},"properties":{"admin_level":"8","alt_name":"муниципальный округ Царицыно","boundary":"administrative","description":"район — административно-территориальная единица; муниципальный округ — тип муниципального образования (с 1 июля 2012)","name":"район Царицыно","name:be":"Царыцана","name:en":"Tsaritsyno District","name:ru":"район Царицыно","name:uk":"Район Царицине","official_status":"ru:внутригородская территория города федерального значения","type":"boundary","wikidata":"Q508433","wikipedia":"ru:Царицыно (район Москвы)","id":"relation/950641"},"id":"relation/950641"},
{"type":"Feature","geometry":{"type":"Polygon","coordinates":[[[37.6332177,55.6042536],[37.6283376,55.5993446],[37.6209332,55.5957904],[37.6171088,55.5931892],[37.6151579,55.5899317],[37.6131252,55.5746309],[37.664279,55.5716295],[37.6610818,55.5763129],[37.6593838,55.5833863],[37.6491177,55.6010795],[37.6407213,55.6105027],[37.6374588,55.6083022],[37.6332177,55.6042536]]]},"properties":{"addr:country":"RU","addr:region":"Москва","admin_level":"8","alt_name":"муниципальный округ Бирюлёво Западное","boundary":"administrative","description":"район — административно-территориальная единица; муниципальный округ — тип муниципального образования (с 1 июля 2012)","name":"район Бирюлёво Западное","name:be":"Бірулева Заходняе","name:en":"Biryulyovo Zapadnoye District","name:it":"Birjulëvo Zapadnoe","name:pt":"Biryulyovo Zapadnoye (distrito)","name:ru":"район Бирюлёво Западное","name:uk":"Район Бірюльово Західне","official_status":"ru:внутригородская территория города федерального значения","type":"boundary","wikidata":"Q1963002","wikipedia":"ru:Бирюлёво Западное","id":"relation/950658"},"id":"relation/950658"},
{"type":"Feature","geometry":{"type":"Polygon","coordinates":[[[37.6332177,55.6042536],[37.6213442,55.6079827],[37.6093004,55.6100728],[37.6059143,55.6033297],[37.6002896,55.6043547],[37.5850525,55.6056365],[37.5815303,55.604343],[37.5817703,55.6034936],[37.5767147,55.5992866],[37.578974,55.5959134],[37.5771393,55.5916342],[37.5774788,55.5863496],[37.5736777,55.5822096],[37.5729399,55.5809669],[37.5900931,55.5768957],[37.5922404,55.5753999],[37.5971963,55.5690831],[37.5974676,55.5668718],[37.6022876,55.5663727],[37.6005631,55.5707353],[37.5978046,55.5738788],[37.6003203,55.5753745],[37.6131252,55.5746309],[37.6151579,55.5899317],[37.6171088,55.5931892],[37.6209332,55.5957904],[37.6283376,55.5993446],[37.6332177,55.6042536]]]},"properties":{"addr:country":"RU","addr:region":"Москва","admin_level":"8","alt_name":"муниципальный округ Чертаново Южное","boundary":"administrative","description":"район — административно-территориальная единица; муниципальный округ — тип муниципального образования (с 1 июля 2012)","name":"район Чертаново Южное","name:be":"Чартанава Паўднёвае","name:en":"Chertanovo Yuzhnoye District","name:ru":"район Чертаново Южное","name:uk":"Район Чертанове Південне","official_status":"ru:внутригородская территория города федерального значения","type":"boundary","wikidata":"Q1963154","wikipedia":"ru:Чертаново Южное","id":"relation/950664"},"id":"relation/950664"},
{"type":"Feature","geometry":{"type":"Polygon","coordinates":[[[37.5827831,55.6251651],[37.5826329,55.6232446],[37.580112,55.6217013],[37.5769209,55.6219629],[37.5749918,55.6198233],[37.5784625,55.6187563],[37.5746262,55.6132284],[37.5757104,55.6122829],[37.5746859,55.6088169],[37.5699163,55.6084693],[37.5718677,55.6059887],[37.5757622,55.6062573],[37.5778221,55.6043664],[37.5815303,55.604343],[37.5850525,55.6056365],[37.6002896,55.6043547],[37.6059143,55.6033297],[37.6093004,55.6100728],[37.6213442,55.6079827],[37.6332177,55.6042536],[37.6374588,55.6083022],[37.6407213,55.6105027],[37.6348372,55.6149312],[37.6308675,55.6218782],[37.6229703,55.6210993],[37.6148946,55.6222578],[37.6141762,55.6206696],[37.5917909,55.6240571],[37.5882517,55.6235033],[37.5858366,55.6250892],[37.5827831,55.6251651]]]},"properties":{"admin_level":"8","alt_name":"муниципальный округ Чертаново Центральное","boundary":"administrative","description":"район — административно-территориальная единица; муниципальный округ — тип муниципального образования (с 1 июля 2012)","name":"район Чертаново Центральное","name:be":"Чартанава Цэнтральнае","name:de":"Rajon Tschertanowo Zentral","name:en":"Chertanovo Tsentralnoye District","name:it":"Čertanovo Central'noe","name:pt":"Chertanovo Tsentralnoye (distrito)","name:uk":"Район Чертанове Центральне","official_status":"ru:внутригородская территория города федерального значения","type":"boundary","wikidata":"Q1962823","wikipedia":"ru:Чертаново Центральное","id":"relation/951305"},"id":"relation/951305"},
{"type":"Feature","geometry":{"type":"Polygon","coordinates":[[[37.5815303,55.604343],[37.5778221,55.6043664],[37.5757622,55.6062573],[37.5718677,55.6059887],[37.5699163,55.6084693],[37.5746859,55.6088169],[37.5757104,55.6122829],[37.5746262,55.6132284],[37.5784625,55.6187563],[37.5749918,55.6198233],[37.5769209,55.6219629],[37.580112,55.6217013],[37.5826329,55.6232446],[37.5827831,55.6251651],[37.5843505,55.6266836],[37.5858587,55.6311686],[37.5772657,55.6326769],[37.577406,55.6343603],[37.5816655,55.6372043],[37.5803884,55.6453262],[37.5717008,55.6477612],[37.5639978,55.6494629],[37.5599322,55.6446589],[37.5464268,55.6395565],[37.5441098,55.6373637],[37.5405851,55.6318808],[37.5405586,55.6286422],[37.5361686,55.6268352],[37.5244332,55.6236323],[37.5126525,55.6257753],[37.5046081,55.6188216],[37.4981704,55.6144448],[37.490601,55.6104479],[37.4883331,55.608273],[37.4909461,55.6101744],[37.4940975,55.6085736],[37.5065527,55.5982494],[37.5118794,55.5955961],[37.5180898,55.5936478],[37.5472658,55.586663],[37.5478409,55.5869943],[37.5695504,55.5818072],[37.5736777,55.5822096],[37.5774788,55.5863496],[37.5771393,55.5916342],[37.578974,55.5959134],[37.5767147,55.5992866],[37.5817703,55.6034936],[37.5815303,55.604343]]]},"properties":{"addr:country":"RU","addr:region":"Москва","admin_level":"8","alt_name":"муниципальный округ Ясенево","boundary":"administrative","description":"район — административно-территориальная единица; муниципальный округ — тип муниципального образования (с 1 июля 2012)","name":"район Ясенево","name:be":"Ясенева","name:de":"Rajon Jassenewo","name:en":"Yasenevo District","name:ru":"район Ясенево","name:uk":"Район Ясенів","official_status":"ru:внутригородская территория города федерального значения","type":"boundary","wikidata":"Q2360561","wikipedia":"ru:Ясенево (район Москвы)","id":"relation/951334"},"id":"relation/951334"},
{"type":"Feature","geometry":{"type":"Polygon","coordinates":[[[37.5126525,55.6257753],[37.5170982,55.6296323],[37.5204897,55.6343014],[37.5149052,55.6357834],[37.4985134,55.6421875],[37.4869566,55.6466385],[37.4824662,55.6494605],[37.4557187,55.6370488],[37.4607823,55.6370638],[37.481533,55.6193081],[37.4888953,55.6132759],[37.4883331,55.608273],[37.490601,55.6104479],[37.4981704,55.6144448],[37.5046081,55.6188216],[37.5126525,55.6257753]]]},"properties":{"admin_level":"8","alt_name":"муниципальный округ Тёплый Стан","boundary":"administrative","description":"район — административно-территориальная единица; муниципальный округ — тип муниципального образования (с 1 июля 2012)","name":"район Тёплый Стан","name:en":"Tyoply Stan District","name:ru":"район Тёплый Стан","name:uk":"Район Теплий стан","official_status":"ru:внутригородская территория города федерального значения","type":"boundary","wikidata":"Q1963160","wikipedia":"ru:Тёплый Стан (район Москвы)","id":"relation/951336"},"id":"relation/951336"},
{"type":"Feature","geometry":{"type":"Polygon","coordinates":[[[37.4985134,55.6421875],[37.5149052,55.6357834],[37.5204897,55.6343014],[37.5170982,55.6296323],[37.5126525,55.6257753],[37.5244332,55.6236323],[37.5361686,55.6268352],[37.5405586,55.6286422],[37.5405851,55.6318808],[37.5441098,55.6373637],[37.5464268,55.6395565],[37.5599322,55.6446589],[37.5639978,55.6494629],[37.5512393,55.6513217],[37.5462131,55.6527371],[37.5390605,55.6557454],[37.5253417,55.657309],[37.5132541,55.6480948],[37.5088282,55.6499689],[37.4985134,55.6421875]]]},"properties":{"admin_level":"8","alt_name":"муниципальный округ Коньково","boundary":"administrative","description":"район — административно-территориальная единица; муниципальный округ — тип муниципального образования (с 1 июля 2012)","name":"район Коньково","name:en":"Konkovo District","name:ru":"район Коньково","name:uk":"Район Конькове","official_status":"ru:внутригородская территория города федерального значения","type":"boundary","wikidata":"Q122788","wikipedia":"ru:Коньково (район Москвы)","id":"relation/952191"},"id":"relation/952191"},
{"type":"Feature","geometry":{"type":"Polygon","coordinates":[[[37.6496267,55.8289427],[37.6404897,55.8200878],[37.6388717,55.8175358],[37.635,55.7971703],[37.642957,55.7930115],[37.6460562,55.7909368],[37.651542,55.78936],[37.6501162,55.7927927],[37.6504891,55.7987596],[37.6538241,55.8038637],[37.6581186,55.8083605],[37.6680768,55.819874],[37.6706941,55.8243936],[37.6653016,55.8265852],[37.654399,55.8286426],[37.6534989,55.8303904],[37.6496267,55.8289427]]]},"properties":{"admin_level":"8","alt_name":"муниципальный округ Алексеевский","boundary":"administrative","description":"район — административно-территориальная единица; муниципальный округ — тип муниципального образования (с 1 июля 2012)","name":"Алексеевский район","name:en":"Alexeyevsky District","name:ru":"Алексеевский район","name:uk":"Олексіївський район","official_status":"ru:внутригородская территория города федерального значения","type":"boundary","wikidata":"Q2367598","wikipedia":"ru:Алексеевский район (Москва)","id":"relation/1250526"},"id":"relation/1250526"},
{"type":"Feature","geometry":{"type":"Polygon","coordinates":[[[37.663447,55.8408247],[37.6714545,55.8468087],[37.6719431,55.8504254],[37.6628389,55.8561303],[37.6610309,55.8568476],[37.6528969,55.8576241],[37.6461574,55.8614402],[37.6417319,55.8653231],[37.6351086,55.8613697],[37.6307842,55.8569752],[37.6250362,55.8573813],[37.6262976,55.8552493],[37.626713,55.8460765],[37.6358304,55.8457449],[37.6482566,55.8449474],[37.6537062,55.8438367],[37.663447,55.8408247]]]},"properties":{"admin_level":"8","alt_name":"муниципальный округ Свиблово","boundary":"administrative","description":"район — административно-территориальная единица; муниципальный округ — тип муниципального образования (с 1 июля 2012)","name":"район Свиблово","name:en":"Sviblovo District","name:ru":"район Свиблово","name:uk":"Район Свіблове","official_status":"ru:внутригородская территория города федерального значения","type":"boundary","wikidata":"Q2365359","wikipedia":"ru:Свиблово (район Москвы)","id":"relation/1250618"},"id":"relation/1250618"},
{"type":"Feature","geometry":{"type":"Polygon","coordinates":[[[37.635,55.7971703],[37.6388717,55.8175358],[37.6404897,55.8200878],[37.6496267,55.8289427],[37.6371044,55.8333867],[37.6342529,55.8338081],[37.6320152,55.8359499],[37.6320152,55.8382401],[37.6366978,55.8378155],[37.6358304,55.8457449],[37.626713,55.8460765],[37.6262976,55.8552493],[37.6250362,55.8573813],[37.6203564,55.8592482],[37.6198416,55.85407],[37.612321,55.8464823],[37.592823,55.8473146],[37.5904576,55.8448556],[37.5863308,55.8435376],[37.5889103,55.8400823],[37.5858689,55.8402296],[37.5820902,55.8383122],[37.5804063,55.8338744],[37.585961,55.8331683],[37.5915559,55.8336092],[37.5925213,55.835121],[37.6003285,55.8308024],[37.6012766,55.8294957],[37.6035905,55.8179876],[37.602945,55.8176554],[37.613589,55.8107068],[37.634957,55.7969453],[37.635,55.7971703]]]},"properties":{"admin_level":"8","alt_name":"муниципальный округ Останкинский","boundary":"administrative","description":"район — административно-территориальная единица; муниципальный округ — тип муниципального образования (с 1 июля 2012)","name":"Останкинский район","name:en":"Ostankinsky District","name:ru":"Останкинский район","name:uk":"Останкінський район","official_status":"ru:внутригородская территория города федерального значения","type":"boundary","wikidata":"Q2704188","wikipedia":"ru:Останкинский район","id":"relation/1250619"},"id":"relation/1250619"},
{"type":"Feature","geometry":{"type":"Polygon","coordinates":[[[37.5737717,55.8484763],[37.5752619,55.8442232],[37.5786726,55.8394438],[37.5781537,55.8367858],[37.5761106,55.8348039],[37.602945,55.8176554],[37.6035905,55.8179876],[37.6012766,55.8294957],[37.6003285,55.8308024],[37.5925213,55.835121],[37.5915559,55.8336092],[37.585961,55.8331683],[37.5804063,55.8338744],[37.5820902,55.8383122],[37.5858689,55.8402296],[37.5889103,55.8400823],[37.5863308,55.8435376],[37.5904576,55.8448556],[37.592823,55.8473146],[37.5773909,55.8479324],[37.5737717,55.8484763]]]},"properties":{"admin_level":"8","alt_name":"муниципальный округ Марфино","boundary":"administrative","description":"район — административно-территориальная единица; муниципальный округ — тип муниципального образования (с 1 июля 2012)","name":"район Марфино","name:en":"Marfino District","name:ru":"район Марфино","name:uk":"Район Марфіно","official_status":"ru:внутригородская территория города федерального значения","type":"boundary","wikidata":"Q2367627","wikipedia":"ru:Марфино (район Москвы)","id":"relation/1250724"},"id":"relation/1250724"},
{"type":"Feature","geometry":{"type":"Polygon","coordinates":[[[37.5889044,55.7924632],[37.5992958,55.7924817],[37.6017199,55.7851689],[37.6046803,55.7852888],[37.6123942,55.7825647],[37.6153261,55.7836913],[37.6167978,55.7868239],[37.6163097,55.793116],[37.6346377,55.7918923],[37.634957,55.7969453],[37.613589,55.8107068],[37.609278,55.809122],[37.5954563,55.8053275],[37.596375,55.7986749],[37.5920679,55.7960952],[37.5889044,55.7924632]]]},"properties":{"admin_level":"8","alt_name":"муниципальный округ Марьина Роща","boundary":"administrative","description":"район — административно-территориальная единица; муниципальный округ — тип муниципального образования (с 1 июля 2012)","name":"район Марьина Роща","name:en":"Maryina Roshcha District","name:ru":"район Марьина Роща","name:uk":"Район Мар'їна Гай","official_status":"ru:внутригородская территория города федерального значения","type":"boundary","wikidata":"Q2622887","wikipedia":"ru:Марьина роща (район Москвы)","id":"relation/1252407"},"id":"relation/1252407"},
{"type":"Feature","geometry":{"type":"Polygon","coordinates":[[[37.5877997,55.7926366],[37.5889044,55.7924632],[37.5920679,55.7960952],[37.596375,55.7986749],[37.5954563,55.8053275],[37.609278,55.809122],[37.613589,55.8107068],[37.602945,55.8176554],[37.5761106,55.8348039],[37.5738693,55.8323965],[37.5739482,55.8227969],[37.5775357,55.8171248],[37.5796069,55.8114784],[37.5847301,55.8086824],[37.5806522,55.8082874],[37.5823396,55.8055211],[37.5843177,55.7953226],[37.5865301,55.7934376],[37.5877997,55.7926366]]]},"properties":{"admin_level":"8","alt_name":"муниципальный округ Бутырский","boundary":"administrative","description":"район — административно-территориальная единица; муниципальный округ — тип муниципального образования (с 1 июля 2012)","name":"Бутырский район","name:en":"Butyrsky District","name:ru":"Бутырский район","name:uk":"Бутирський район","official_status":"ru:внутригородская территория города федерального значения","type":"boundary","wikidata":"Q2362908","wikipedia":"ru:Бутырский район","id":"relation/1252424"},"id":"relation/1252424"},
{"type":"Feature","geometry":{"type":"Polygon","coordinates":[[[37.6751109,55.8836915],[37.6781622,55.8813406],[37.6806623,55.8768813],[37.6760464,55.8707632],[37.6753153,55.8679693],[37.6833755,55.8644492],[37.6818107,55.8615421],[37.7145266,55.8823701],[37.7197072,55.8859102],[37.7112059,55.8901495],[37.7030517,55.8934116],[37.694288,55.8948748],[37.6851245,55.8951999],[37.6846787,55.8910976],[37.6819036,55.887967],[37.6811936,55.8857423],[37.6782185,55.8832515],[37.6751109,55.8836915]]]},"properties":{"addr:region":"Москва","admin_level":"8","alt_name":"муниципальный округ Лосиноостровский","boundary":"administrative","description":"район — административно-территориальная единица; муниципальный округ — тип муниципального образования (с 1 июля 2012)","name":"Лосиноостровский район","name:en":"Losinoostrovsky District","name:ru":"Лосиноостровский район","name:uk":"Лосиноостровський район","official_status":"ru:внутригородская территория города федерального значения","type":"boundary","wikidata":"Q2367516","wikipedia":"ru:Лосиноостровский район","id":"relation/1252448"},"id":"relation/1252448"},
{"type":"Feature","geometry":{"type":"Polygon","coordinates":[[[37.6751109,55.8836915],[37.6719404,55.8821357],[37.6653545,55.8823582],[37.6596463,55.8811322],[37.6573231,55.8794717],[37.65733,55.8766105],[37.6586625,55.8733271],[37.6556686,55.8713233],[37.6516027,55.8703214],[37.6476199,55.8665361],[37.6417319,55.8653231],[37.6461574,55.8614402],[37.6528969,55.8576241],[37.6610309,55.8568476],[37.6628389,55.8561303],[37.6719431,55.8504254],[37.6725244,55.8535109],[37.6745956,55.8564391],[37.6818107,55.8615421],[37.6833755,55.8644492],[37.6753153,55.8679693],[37.6760464,55.8707632],[37.6806623,55.8768813],[37.6781622,55.8813406],[37.6751109,55.8836915]]]},"properties":{"addr:region":"Москва","admin_level":"8","alt_name":"муниципальный округ Бабушкинский","boundary":"administrative","description":"район — административно-территориальная единица; муниципальный округ — тип муниципального образования (с 1 июля 2012)","name":"Бабушкинский район","name:en":"Babushkinsky District","name:ru":"Бабушкинский район","name:uk":"Бабушкінський район","official_status":"ru:внутригородская территория города федерального значения","type":"boundary","wikidata":"Q2367552","wikipedia":"ru:Бабушкинский район (Москва)","id":"relation/1252465"},"id":"relation/1252465"},
{"type":"Feature","geometry":{"type":"Polygon","coordinates":[[[37.7490007,55.7103029],[37.7743975,55.7168426],[37.7806651,55.7092418],[37.7945449,55.707374],[37.7991182,55.7221056],[37.7758967,55.7299391],[37.767519,55.7341543],[37.7619153,55.733177],[37.7589575,55.72989],[37.7553475,55.7285998],[37.7356579,55.7250641],[37.7394989,55.7242326],[37.7425172,55.7207647],[37.7490007,55.7103029]]]},"properties":{"admin_level":"8","alt_name":"муниципальный округ Рязанский","boundary":"administrative","description":"район — административно-территориальная единица; муниципальный округ — тип муниципального образования (с 1 июля 2012)","name":"Рязанский район","name:en":"Ryazansky District","name:ru":"Рязанский район","name:uk":"Рязанський район","official_status":"ru:внутригородская территория города федерального значения","type":"boundary","wikidata":"Q1963165","wikipedia":"ru:Рязанский район (Москва)","id":"relation/1255563"},"id":"relation/1255563"},
{"type":"Feature","geometry":{"type":"Polygon","coordinates":[[[37.858176,55.7012543],[37.8600534,55.7011368],[37.8715322,55.6952975],[37.8869711,55.7052153],[37.9070118,55.7069911],[37.9219165,55.7079613],[37.9261146,55.7121868],[37.9262538,55.7151497],[37.9280699,55.716159],[37.9365872,55.7162384],[37.9456503,55.7208385],[37.9426104,55.7220519],[37.9376829,55.7265337],[37.9308738,55.729755],[37.9285228,55.7293536],[37.9235854,55.7312255],[37.9180394,55.7306219],[37.9169278,55.7283571],[37.9118339,55.7257445],[37.9076519,55.7247981],[37.9036973,55.7253299],[37.8993176,55.7236191],[37.8923084,55.7231871],[37.8854775,55.7241916],[37.8871291,55.721653],[37.8861232,55.7195938],[37.8810045,55.7190992],[37.8765345,55.7204709],[37.8761077,55.7233852],[37.8724504,55.723377],[37.8702706,55.7265861],[37.8734123,55.7296476],[37.869536,55.7323862],[37.8621875,55.7325603],[37.8613031,55.7305231],[37.8476663,55.7311826],[37.8404157,55.7304867],[37.8386129,55.71552],[37.8360239,55.709776],[37.85234,55.7041954],[37.858176,55.7012543]]]},"properties":{"admin_level":"8","alt_name":"муниципальный округ Косино-Ухтомский","boundary":"administrative","description":"район — административно-территориальная единица; муниципальный округ — тип муниципального образования (с 1 июля 2012)","name":"район Косино-Ухтомский","name:be":"раён Касіно-Ухтомскі","name:en":"Kosino-Ukhtomsky District","name:ru":"район Косино-Ухтомский","name:uk":"Район Косино-Ухтомський","official_status":"ru:внутригородская территория города федерального значения","type":"boundary","wikidata":"Q2367534","wikipedia":"ru:Косино-Ухтомский","id":"relation/1255576"},"id":"relation/1255576"},
{"type":"Feature","geometry":{"type":"Polygon","coordinates":[[[37.9070118,55.7069911],[37.9073625,55.7046228],[37.9114697,55.7047888],[37.9134642,55.7020618],[37.9134366,55.6978652],[37.9151667,55.6970473],[37.9189383,55.6994252],[37.924743,55.6970422],[37.9266095,55.6982211],[37.9398067,55.6980146],[37.9282528,55.6949993],[37.9231927,55.6892714],[37.9186031,55.68826],[37.9172582,55.6862674],[37.9132908,55.6833168],[37.9137928,55.6816045],[37.9189453,55.6805191],[37.9204717,55.676143],[37.9486257,55.6755023],[37.9633779,55.673656],[37.9613556,55.6756369],[37.9643503,55.6800527],[37.9630657,55.6823177],[37.9634548,55.6873656],[37.9612383,55.6889687],[37.9578801,55.6894508],[37.9602039,55.692774],[37.9508767,55.6961866],[37.9484764,55.6951279],[37.9447161,55.6971238],[37.9471254,55.7002776],[37.9516989,55.7006596],[37.9542086,55.7027752],[37.9565075,55.7022066],[37.9597448,55.7045084],[37.9579107,55.7059401],[37.947302,55.7085965],[37.9496668,55.7113411],[37.9530979,55.7112623],[37.964077,55.7093106],[37.9667063,55.7104986],[37.9598592,55.7140911],[37.9674277,55.716249],[37.9584742,55.7176168],[37.9555126,55.720222],[37.9474751,55.7200604],[37.9456503,55.7208385],[37.9365872,55.7162384],[37.9280699,55.716159],[37.9262538,55.7151497],[37.9261146,55.7121868],[37.9219165,55.7079613],[37.9070118,55.7069911]]]},"properties":{"admin_level":"8","alt_name":"муниципальный округ Некрасовка","boundary":"administrative","description":"район — административно-территориальная единица; муниципальный округ — тип муниципального образования (с 1 июля 2012)","name":"район Некрасовка","name:en":"Nekrasovka District","name:ru":"район Некрасовка","name:uk":"Район Некрасівка","official_status":"ru:внутригородская территория города федерального значения","type":"boundary","wikidata":"Q2364279","wikipedia":"ru:Некрасовка (район Москвы)","id":"relation/1255577"},"id":"relation/1255577"},
{"type":"Feature","geometry":{"type":"Polygon","coordinates":[[[37.869536,55.7323862],[37.865471,55.7331585],[37.864238,55.7347168],[37.8684891,55.7372895],[37.8731611,55.7381569],[37.8780087,55.7378695],[37.8800331,55.7417465],[37.8817499,55.742731],[37.8900854,55.7416036],[37.8882457,55.7484642],[37.8825409,55.7493396],[37.863233,55.745573],[37.8479957,55.7444999],[37.8457065,55.7448717],[37.8425433,55.7471761],[37.8404157,55.7304867],[37.8476663,55.7311826],[37.8613031,55.7305231],[37.8621875,55.7325603],[37.869536,55.7323862]]]},"properties":{"admin_level":"8","alt_name":"муниципальный округ Новокосино","boundary":"administrative","description":"район — административно-территориальная единица; муниципальный округ — тип муниципального образования (с 1 июля 2012)","name":"район Новокосино","name:en":"Novokosino District","name:eo":"rajono Novokosino","name:ru":"район Новокосино","name:uk":"Район Новокосине","official_status":"ru:внутригородская территория города федерального значения","type":"boundary","wikidata":"Q2366748","wikipedia":"ru:Новокосино (район Москвы)","id":"relation/1255602"},"id":"relation/1255602"},
{"type":"Feature","geometry":{"type":"Polygon","coordinates":[[[37.7508483,55.8021699],[37.7802602,55.8026355],[37.8051168,55.8028665],[37.8321079,55.8033573],[37.8404123,55.803686],[37.839762,55.8116247],[37.8435518,55.8149722],[37.8414608,55.8143206],[37.81176,55.8106461],[37.7825076,55.8097806],[37.7785026,55.8092981],[37.7549958,55.8030569],[37.7508483,55.8021699]]]},"properties":{"addr:country":"RU","addr:region":"Москва","admin_level":"8","alt_name":"муниципальный округ Северное Измайлово","boundary":"administrative","contact:website":"https://sevizm.mos.ru/","description":"район — административно-территориальная единица; муниципальный округ — тип муниципального образования (с 1 июля 2012)","name":"район Северное Измайлово","name:be":"раён Паўночнае Ізмайлава","name:en":"Severnoye Izmaylovo District","name:ru":"район Северное Измайлово","name:uk":"Район Північне Ізмайлове","official_status":"ru:внутригородская территория города федерального значения","type":"boundary","wikidata":"Q2366853","wikipedia":"ru:Северное Измайлово","id":"relation/1255680"},"id":"relation/1255680"},
{"type":"Feature","geometry":{"type":"Polygon","coordinates":[[[37.8051168,55.8028665],[37.8055777,55.7933444],[37.7994548,55.7932395],[37.799932,55.7882733],[37.8181157,55.7886247],[37.8231829,55.788951],[37.8235357,55.7902185],[37.8299659,55.7893253],[37.8341552,55.7876543],[37.8420251,55.7889634],[37.8404123,55.803686],[37.8321079,55.8033573],[37.8051168,55.8028665]]]},"properties":{"addr:country":"RU","addr:region":"Москва","admin_level":"8","alt_name":"муниципальный округ Восточное Измайлово","boundary":"administrative","contact:website":"https://v-izm.mos.ru/","description":"район — административно-территориальная единица; муниципальный округ — тип муниципального образования (с 1 июля 2012)","name":"район Восточное Измайлово","name:be":"раён Усходняе Ізмайлава","name:en":"Vostochnoye Izmaylovo District","name:ru":"район Восточное Измайлово","name:uk":"Район Східне Ізмайлове","official_status":"ru:внутригородская территория города федерального значения","type":"boundary","wikidata":"Q944276","wikipedia":"ru:Восточное Измайлово","id":"relation/1255704"},"id":"relation/1255704"},
{"type":"Feature","geometry":{"type":"MultiPolygon","coordinates":[[[[37.7953186,56.0090242],[37.7912235,56.0072852],[37.7931498,56.0055432],[37.7968376,56.0047609],[37.7994322,56.0061526],[37.7979747,56.0095523],[37.7953186,56.0090242]]],[[[37.8879567,55.8207548],[37.8805382,55.8195135],[37.8783391,55.8206528],[37.8737977,55.8200036],[37.8722162,55.8225388],[37.8600116,55.819398],[37.8453271,55.8135622],[37.8563695,55.8060414],[37.8606871,55.8075406],[37.8632647,55.8074211],[37.8657431,55.804208],[37.8711986,55.8063292],[37.8741278,55.8106937],[37.8781481,55.8114292],[37.8798248,55.8142046],[37.8841286,55.8166608],[37.894541,55.8139399],[37.898549,55.8143866],[37.8978239,55.817922],[37.8890935,55.8194231],[37.8879567,55.8207548]]]]},"properties":{"addr:region":"Москва","admin_level":"8","alt_name":"муниципальный округ Восточный","boundary":"administrative","description":"район — административно-территориальная единица; муниципальный округ — тип муниципального образования (с 1 июля 2012)","name":"район Восточный","name:be":"раён Усходні","name:en":"Vostochny District","name:ru":"район Восточный","official_status":"ru:внутригородская территория города федерального значения","type":"boundary","wikidata":"Q2626858","wikipedia":"ru:Восточный (район Москвы)","id":"relation/1255775"},"id":"relation/1255775"},
{"type":"Feature","geometry":{"type":"Polygon","coordinates":[[[37.6250593,55.7490845],[37.6249807,55.7415296],[37.6238257,55.7295767],[37.619613,55.7292455],[37.6199362,55.7273112],[37.6150768,55.7269444],[37.6177554,55.7202891],[37.6278928,55.7213649],[37.6366707,55.7235184],[37.6437423,55.7224038],[37.644943,55.7280768],[37.645995,55.729465],[37.6522857,55.7280661],[37.6542108,55.7288214],[37.6504945,55.7312757],[37.6480175,55.7349584],[37.6448733,55.7411336],[37.6413066,55.7450064],[37.6377065,55.747366],[37.6320746,55.748884],[37.6250593,55.7490845]]]},"properties":{"admin_level":"8","alt_name":"муниципальный округ Замоскворечье","boundary":"administrative","description":"район — административно-территориальная единица; муниципальный округ — тип муниципального образования (с 1 июля 2012)","name":"район Замоскворечье","name:de":"Rajon Samoskworetschje","name:en":"Zamoskvorechye District","name:ru":"район Замоскворечье","name:uk":"Район Замоскворіччя","official_status":"ru:внутригородская территория города федерального значения","type":"boundary","wikidata":"Q862107","wikipedia":"ru:Замоскворечье (административный район)","id":"relation/1255942"},"id":"relation/1255942"},
{"type":"Feature","geometry":{"type":"Polygon","coordinates":[[[37.6121969,55.746766],[37.6088003,55.7491855],[37.604292,55.7503962],[37.6030167,55.7486724],[37.5997189,55.7488917],[37.5959769,55.7476444],[37.5858125,55.7463041],[37.5873928,55.7441707],[37.583799,55.7437518],[37.582734,55.7453445],[37.5793918,55.7458291],[37.5741284,55.745431],[37.5683267,55.7385525],[37.5636326,55.7350954],[37.5530345,55.7299466],[37.5477856,55.7280681],[37.5449026,55.7270557],[37.5418635,55.7240396],[37.5410812,55.7201251],[37.5433307,55.7156172],[37.5485159,55.7122628],[37.552897,55.7109726],[37.5592321,55.7102802],[37.5654006,55.7107574],[37.574928,55.7131177],[37.5776083,55.7142058],[37.5855103,55.7193431],[37.5931795,55.7262599],[37.5963041,55.7310404],[37.6000268,55.7345861],[37.6064102,55.7378355],[37.6083235,55.7431182],[37.6121969,55.746766]]]},"properties":{"admin_level":"8","alt_name":"муниципальный округ Хамовники","boundary":"administrative","description":"район — административно-территориальная единица; муниципальный округ — тип муниципального образования (с 1 июля 2012)","name":"район Хамовники","name:ca":"Districte de Khamóvniki","name:de":"Bezirk Chamowniki","name:en":"Khamovniki District","name:ru":"район Хамовники","name:uk":"Район Хамовники","official_status":"ru:внутригородская территория города федерального значения","type":"boundary","wikidata":"Q862100","wikipedia":"ru:Хамовники (район Москвы)","id":"relation/1255987"},"id":"relation/1255987"},
{"type":"Feature","geometry":{"type":"Polygon","coordinates":[[[37.6288346,55.7598288],[37.634475,55.7623831],[37.6369059,55.7647923],[37.6446919,55.7684735],[37.6547878,55.7695985],[37.6629987,55.7697322],[37.6643036,55.7731627],[37.6758868,55.7783862],[37.6805195,55.7775436],[37.684842,55.7808113],[37.6882667,55.781899],[37.685813,55.7825747],[37.6518163,55.7890984],[37.651542,55.78936],[37.6460562,55.7909368],[37.642957,55.7930115],[37.6402463,55.7924514],[37.6420771,55.790161],[37.6417328,55.7881261],[37.6448401,55.7798433],[37.6412894,55.7797075],[37.638179,55.7747855],[37.637267,55.7720615],[37.6325778,55.772651],[37.6310061,55.7657094],[37.6286781,55.7631076],[37.6283516,55.7598643],[37.6288346,55.7598288]]]},"properties":{"admin_level":"8","alt_name":"муниципальный округ Красносельский","boundary":"administrative","description":"район — административно-территориальная единица; муниципальный округ — тип муниципального образования (с 1 июля 2012)","name":"Красносельский район","name:en":"Krasnoselsky District","name:ru":"Красносельский район","name:uk":"Красносільський район","official_status":"ru:внутригородская территория города федерального значения","type":"boundary","wikidata":"Q2626343","wikipedia":"ru:Красносельский район (Москва)","id":"relation/1257218"},"id":"relation/1257218"},
{"type":"Feature","geometry":{"type":"Polygon","coordinates":[[[37.5784455,55.5216802],[37.5822123,55.5316397],[37.5839151,55.5371993],[37.5833174,55.5378616],[37.5893029,55.5571995],[37.5773953,55.5491088],[37.5738918,55.5535358],[37.5705136,55.5542785],[37.559989,55.5538065],[37.5603459,55.5580962],[37.5586492,55.5604062],[37.5542632,55.5594922],[37.5521474,55.554869],[37.5488225,55.5526259],[37.544878,55.55202],[37.5291881,55.5552455],[37.5144961,55.548505],[37.511115,55.544986],[37.5077676,55.5429454],[37.4934494,55.5396458],[37.4861751,55.539793],[37.4755165,55.5372951],[37.475709,55.5353874],[37.4701898,55.5340521],[37.4709829,55.5288439],[37.477389,55.5261563],[37.4829393,55.5271589],[37.4831153,55.5286047],[37.4864341,55.5297858],[37.494018,55.5284414],[37.4991688,55.5267545],[37.5044957,55.5264095],[37.5068447,55.5270864],[37.5192178,55.5254659],[37.5201236,55.5224844],[37.5274982,55.5211929],[37.5326508,55.5187602],[37.534419,55.5200753],[37.534544,55.5228191],[37.537967,55.5269385],[37.543658,55.5293622],[37.5524825,55.5299552],[37.55938,55.5281421],[37.564203,55.5240451],[37.5661789,55.5170806],[37.5676921,55.516684],[37.5771272,55.5172033],[37.5784455,55.5216802]]]},"properties":{"admin_level":"8","alt_name":"муниципальный округ Южное Бутово","boundary":"administrative","description":"район — административно-территориальная единица; муниципальный округ — тип муниципального образования (с 1 июля 2012)","name":"район Южное Бутово","name:en":"Yuzhnoye Butovo District","name:it":"Južnoe Butovo","name:pt":"Yuzhnoye Butovo","name:ru":"район Южное Бутово","name:uk":"Район Південне Бутове","official_status":"ru:внутригородская территория города федерального значения","type":"boundary","wikidata":"Q1963119","wikipedia":"ru:Южное Бутово","id":"relation/1257403"},"id":"relation/1257403"},
{"type":"Feature","geometry":{"type":"Polygon","coordinates":[[[37.5893029,55.5571995],[37.5955276,55.5614833],[37.6035767,55.5645916],[37.6022876,55.5663727],[37.5974676,55.5668718],[37.5971963,55.5690831],[37.5922404,55.5753999],[37.5900931,55.5768957],[37.5729399,55.5809669],[37.5736777,55.5822096],[37.5695504,55.5818072],[37.5478409,55.5869943],[37.5472658,55.586663],[37.5462316,55.5841289],[37.5490807,55.5829884],[37.5510241,55.5802794],[37.545742,55.5783573],[37.5386505,55.5795598],[37.5368462,55.577289],[37.539947,55.5760432],[37.5395423,55.573263],[37.5406863,55.5711273],[37.543679,55.5707527],[37.5478851,55.5689233],[37.5534945,55.5676245],[37.5534487,55.5649232],[37.5520122,55.561846],[37.5542632,55.5594922],[37.5586492,55.5604062],[37.5603459,55.5580962],[37.559989,55.5538065],[37.5705136,55.5542785],[37.5738918,55.5535358],[37.5773953,55.5491088],[37.5893029,55.5571995]]]},"properties":{"admin_level":"8","alt_name":"муниципальный округ Северное Бутово","boundary":"administrative","description":"район — административно-территориальная единица; муниципальный округ — тип муниципального образования (с 1 июля 2012)","name":"район Северное Бутово","name:en":"Severnoye Butovo District","name:ru":"район Северное Бутово","name:uk":"Район Північне Бутове","official_status":"ru:внутригородская территория города федерального значения","type":"boundary","wikidata":"Q1963171","wikipedia":"ru:Северное Бутово","id":"relation/1257455"},"id":"relation/1257455"},
{"type":"Feature","geometry":{"type":"Polygon","coordinates":[[[37.3772042,55.7290798],[37.3792684,55.7250186],[37.378454,55.7233384],[37.3811235,55.7213834],[37.3843099,55.7151659],[37.381352,55.7130943],[37.386661,55.7111475],[37.3924774,55.7059193],[37.3879413,55.7043201],[37.3904837,55.7024365],[37.3886458,55.7007934],[37.3921625,55.6984232],[37.3878858,55.6981045],[37.3854471,55.6969691],[37.382014,55.6985367],[37.3781937,55.6968433],[37.3775716,55.7088506],[37.3754669,55.7114978],[37.3644213,55.7089047],[37.3687822,55.703177],[37.365595,55.7009431],[37.3533615,55.7004503],[37.347376,55.6976493],[37.3449652,55.6983969],[37.3423516,55.6925536],[37.3438553,55.6892225],[37.3397625,55.6881671],[37.3378599,55.6901498],[37.3376329,55.6935156],[37.3294276,55.6857865],[37.3337236,55.6843016],[37.3309701,55.6815531],[37.3460859,55.6762989],[37.3489862,55.678562],[37.3542991,55.6763211],[37.3611,55.6820978],[37.3550715,55.6855232],[37.357973,55.6917385],[37.3626871,55.6887764],[37.3643209,55.6906915],[37.3679036,55.6917278],[37.3748651,55.6889363],[37.3771988,55.6906146],[37.3901959,55.6967759],[37.3968641,55.6965214],[37.4021617,55.6988389],[37.4059676,55.7007091],[37.4045563,55.7027645],[37.4119535,55.7067121],[37.420495,55.704552],[37.4212797,55.7080662],[37.4305886,55.7041643],[37.4355182,55.7057383],[37.4445111,55.7061223],[37.4478698,55.7070097],[37.4487234,55.7094928],[37.4546998,55.7099588],[37.4543739,55.7113986],[37.4476114,55.7269112],[37.440094,55.7268091],[37.4135313,55.7270411],[37.3916049,55.7298771],[37.3819089,55.728704],[37.3772042,55.7290798]]]},"properties":{"addr:country":"RU","addr:region":"Москва","admin_level":"8","alt_name":"муниципальный округ Можайский","boundary":"administrative","description":"район — административно-территориальная единица; муниципальный округ — тип муниципального образования (с 1 июля 2012)","name":"Можайский район","name:en":"Mozhaysky District","name:ru":"Можайский район","name:uk":"Можайський район","official_status":"ru:внутригородская территория города федерального значения","type":"boundary","wikidata":"Q1963027","wikipedia":"ru:Можайский район (Москва)","id":"relation/1257472"},"id":"relation/1257472"},
{"type":"Feature","geometry":{"type":"Polygon","coordinates":[[[37.5741284,55.745431],[37.5793918,55.7458291],[37.582734,55.7453445],[37.583799,55.7437518],[37.5873928,55.7441707],[37.5858125,55.7463041],[37.5959769,55.7476444],[37.5997189,55.7488917],[37.6030167,55.7486724],[37.604292,55.7503962],[37.6088003,55.7491855],[37.6122435,55.7545607],[37.6073565,55.7561042],[37.606006,55.7540023],[37.6013066,55.7537475],[37.5844558,55.7581108],[37.5838328,55.7552616],[37.576776,55.7552186],[37.5720599,55.7520197],[37.5744922,55.7488635],[37.5741284,55.745431]]]},"properties":{"addr:region":"Москва","admin_level":"8","alt_name":"муниципальный округ Арбат","boundary":"administrative","description":"район — административно-территориальная единица; муниципальный округ — тип муниципального образования (с 1 июля 2012)","name":"район Арбат","name:de":"Bezirk Arbat","name:en":"Arbat District","name:ru":"район Арбат","name:uk":"Район Арбат","name:zh":"阿尔巴特区","name:zh-Hans":"阿尔巴特区","name:zh-Hant":"阿爾巴特區","official_status":"ru:внутригородская территория города федерального значения","type":"boundary","wikidata":"Q626920","wikipedia":"ru:Арбат (район Москвы)","id":"relation/1257484"},"id":"relation/1257484"},
{"type":"Feature","geometry":{"type":"Polygon","coordinates":[[[37.6123942,55.7825647],[37.6046803,55.7852888],[37.6017199,55.7851689],[37.5992958,55.7924817],[37.5889044,55.7924632],[37.5877997,55.7926366],[37.5886333,55.7920566],[37.5868414,55.7852387],[37.5847927,55.7798664],[37.5810955,55.7774318],[37.5752326,55.7755208],[37.5771105,55.7731591],[37.5833151,55.7752557],[37.5942743,55.7688118],[37.595887,55.7663389],[37.6006616,55.7648545],[37.6045169,55.7624977],[37.6097604,55.7583255],[37.6073565,55.7561042],[37.6122435,55.7545607],[37.6088003,55.7491855],[37.6121969,55.746766],[37.6169773,55.7481844],[37.6250593,55.7490845],[37.6320746,55.748884],[37.6335152,55.7532808],[37.6349112,55.7539883],[37.6288346,55.7598288],[37.6283516,55.7598643],[37.6214164,55.7593068],[37.6201934,55.7616009],[37.6198963,55.7652602],[37.6211021,55.7675566],[37.6210308,55.7731824],[37.6189362,55.7736414],[37.6169348,55.7803721],[37.6123942,55.7825647]]]},"properties":{"admin_level":"8","alt_name":"муниципальный округ Тверской","boundary":"administrative","description":"район — административно-территориальная единица; муниципальный округ — тип муниципального образования (с 1 июля 2012)","name":"Тверской район","name:en":"Tverskoy District","name:ru":"Тверской район","name:uk":"Тверський район","name:zh":"特维尔区","name:zh-Hans":"特维尔区","name:zh-Hant":"特維爾區","official_status":"ru:внутригородская территория города федерального значения","type":"boundary","wikidata":"Q2710104","wikipedia":"ru:Тверской район (Москва)","id":"relation/1257786"},"id":"relation/1257786"},
{"type":"Feature","geometry":{"type":"Polygon","coordinates":[[[37.6073565,55.7561042],[37.6097604,55.7583255],[37.6045169,55.7624977],[37.6006616,55.7648545],[37.595887,55.7663389],[37.5942743,55.7688118],[37.5833151,55.7752557],[37.5771105,55.7731591],[37.5752326,55.7755208],[37.5710802,55.7754258],[37.5519166,55.7734083],[37.544434,55.772989],[37.5389633,55.7711286],[37.5366332,55.7690651],[37.536061,55.7661039],[37.532202,55.7634162],[37.5242852,55.7598459],[37.5219435,55.761509],[37.5139298,55.7584219],[37.516299,55.7568334],[37.5181443,55.7532109],[37.5224216,55.7472846],[37.527972,55.7446122],[37.5373495,55.7447767],[37.5435502,55.7465205],[37.5545352,55.7514364],[37.5601783,55.7530784],[37.5678832,55.7533558],[37.5720599,55.7520197],[37.576776,55.7552186],[37.5838328,55.7552616],[37.5844558,55.7581108],[37.6013066,55.7537475],[37.606006,55.7540023],[37.6073565,55.7561042]]]},"properties":{"admin_level":"8","alt_name":"муниципальный округ Пресненский","boundary":"administrative","description":"район — административно-территориальная единица; муниципальный округ — тип муниципального образования (с 1 июля 2012)","name":"Пресненский район","name:de":"Bezirk Presnensky","name:en":"Presnensky District","name:ru":"Пресненский район","name:uk":"Пресненський район","official_status":"ru:внутригородская территория города федерального значения","type":"boundary","wikidata":"Q2320761","wikipedia":"ru:Пресненский район","id":"relation/1275551"},"id":"relation/1275551"},
{"type":"Feature","geometry":{"type":"Polygon","coordinates":[[[37.6349112,55.7539883],[37.6335152,55.7532808],[37.6320746,55.748884],[37.6377065,55.747366],[37.6413066,55.7450064],[37.6448733,55.7411336],[37.6480175,55.7349584],[37.6504945,55.7312757],[37.6542108,55.7288214],[37.6567176,55.7263724],[37.6631267,55.7267583],[37.6606903,55.7307034],[37.6658108,55.7316354],[37.6674635,55.7308639],[37.6705808,55.7258255],[37.6805828,55.7276832],[37.6814418,55.7290399],[37.6858384,55.7301132],[37.686898,55.7324468],[37.6937001,55.7293029],[37.6994874,55.7367431],[37.6979194,55.7395896],[37.6952841,55.7423198],[37.6848744,55.7473079],[37.6798149,55.7489323],[37.6705308,55.7507488],[37.6662121,55.7531496],[37.6576159,55.7547685],[37.6490324,55.7529756],[37.6430145,55.7526555],[37.6349112,55.7539883]]]},"properties":{"admin_level":"8","alt_name":"муниципальный округ Таганский","boundary":"administrative","description":"район — административно-территориальная единица; муниципальный округ — тип муниципального образования (с 1 июля 2012)","name":"Таганский район","name:en":"Tagansky District","name:ru":"Таганский район","name:uk":"Таганський район","name:vi":"Taganskiy","official_status":"ru:внутригородская территория города федерального значения","type":"boundary","wikidata":"Q942798","wikipedia":"ru:Таганский район","id":"relation/1275608"},"id":"relation/1275608"},
{"type":"Feature","geometry":{"type":"Polygon","coordinates":[[[37.6177554,55.7202891],[37.6150768,55.7269444],[37.6199362,55.7273112],[37.619613,55.7292455],[37.6238257,55.7295767],[37.6249807,55.7415296],[37.6250593,55.7490845],[37.6169773,55.7481844],[37.6121969,55.746766],[37.6083235,55.7431182],[37.6064102,55.7378355],[37.6000268,55.7345861],[37.5963041,55.7310404],[37.5931795,55.7262599],[37.5855103,55.7193431],[37.5776083,55.7142058],[37.5821396,55.7109925],[37.585594,55.711091],[37.5879384,55.7139531],[37.5968554,55.7201303],[37.60031,55.7213012],[37.6093473,55.7195213],[37.6100957,55.7214266],[37.6155773,55.7200829],[37.6177554,55.7202891]]]},"properties":{"admin_level":"8","alt_name":"муниципальный округ Якиманка","boundary":"administrative","description":"район — административно-территориальная единица; муниципальный округ — тип муниципального образования (с 1 июля 2012)","name":"район Якиманка","name:de":"Rajon Jakimanka","name:en":"Yakimanka District","name:ru":"район Якиманка","name:uk":"Район Якиманка","official_status":"ru:внутригородская территория города федерального значения","type":"boundary","wikidata":"Q2704875","wikipedia":"ru:Якиманка (район Москвы)","id":"relation/1275627"},"id":"relation/1275627"},
{"type":"Feature","geometry":{"type":"Polygon","coordinates":[[[37.7356579,55.7250641],[37.7553475,55.7285998],[37.7589575,55.72989],[37.7619153,55.733177],[37.767519,55.7341543],[37.7626364,55.7365415],[37.7527664,55.7382581],[37.7467226,55.7403678],[37.7410175,55.7444517],[37.7367139,55.7459458],[37.7341667,55.7407531],[37.7289917,55.7333629],[37.721886,55.7340228],[37.7177129,55.7352062],[37.7142745,55.7378572],[37.7114678,55.7432667],[37.7008301,55.744126],[37.7006047,55.7424387],[37.6965835,55.7423919],[37.6979194,55.7395896],[37.6994874,55.7367431],[37.6937001,55.7293029],[37.686898,55.7324468],[37.6858384,55.7301132],[37.6814418,55.7290399],[37.6805828,55.7276832],[37.6941689,55.7230631],[37.7002664,55.7207102],[37.7022453,55.7197385],[37.7150397,55.7235362],[37.7171026,55.7217364],[37.7356579,55.7250641]]]},"properties":{"admin_level":"8","alt_name":"муниципальный округ Нижегородский","boundary":"administrative","description":"район — административно-территориальная единица; муниципальный округ — тип муниципального образования (с 1 июля 2012)","name":"Нижегородский район","name:en":"Nizhegorodsky District","name:ru":"Нижегородский район","name:uk":"Нижегородський район","official_status":"ru:внутригородская территория города федерального значения","type":"boundary","wikidata":"Q2008435","wikipedia":"ru:Нижегородский район (Москва)","id":"relation/1278046"},"id":"relation/1278046"},
{"type":"Feature","geometry":{"type":"Polygon","coordinates":[[[37.6979194,55.7395896],[37.6965835,55.7423919],[37.7006047,55.7424387],[37.7008301,55.744126],[37.7114678,55.7432667],[37.7142745,55.7378572],[37.7177129,55.7352062],[37.721886,55.7340228],[37.7289917,55.7333629],[37.7341667,55.7407531],[37.7367139,55.7459458],[37.7253252,55.7489665],[37.7196119,55.7519793],[37.7176602,55.7559645],[37.7206319,55.7624647],[37.720389,55.7667332],[37.7135295,55.7752599],[37.6972423,55.7668272],[37.6921989,55.7694899],[37.6890397,55.7677739],[37.6858452,55.7639835],[37.6841593,55.7602741],[37.679468,55.7590578],[37.6739117,55.7593699],[37.6707731,55.7583782],[37.6730467,55.7536944],[37.6705308,55.7507488],[37.6798149,55.7489323],[37.6848744,55.7473079],[37.6952841,55.7423198],[37.6979194,55.7395896]]]},"properties":{"admin_level":"8","alt_name":"муниципальный округ Лефортово","boundary":"administrative","contact:website":"https://lefortovo.mos.ru","description":"район — административно-территориальная единица; муниципальный округ — тип муниципального образования (с 1 июля 2012)","name":"район Лефортово","name:de":"Rajon Lefortowo","name:en":"Lefortovo District","name:ru":"район Лефортово","name:uk":"Район Лефортове","official_status":"ru:внутригородская территория города федерального значения","type":"boundary","wikidata":"Q1382617","wikipedia":"ru:Лефортово (район Москвы)","id":"relation/1278064"},"id":"relation/1278064"},
{"type":"Feature","geometry":{"type":"Polygon","coordinates":[[[37.6805828,55.7276832],[37.6705808,55.7258255],[37.6674635,55.7308639],[37.6658108,55.7316354],[37.6606903,55.7307034],[37.6631267,55.7267583],[37.6635834,55.719007],[37.667811,55.7052824],[37.6672891,55.7007415],[37.6709548,55.7005007],[37.6744855,55.6985085],[37.6842701,55.6974223],[37.6869601,55.700175],[37.6911869,55.7059617],[37.6862771,55.7061783],[37.6790775,55.7147847],[37.7002664,55.7207102],[37.6941689,55.7230631],[37.6805828,55.7276832]]]},"properties":{"admin_level":"8","alt_name":"муниципальный округ Южнопортовый","boundary":"administrative","description":"район — административно-территориальная единица; муниципальный округ — тип муниципального образования (с 1 июля 2012)","name":"Южнопортовый район","name:en":"Yuzhnoportovy District","name:ru":"Южнопортовый район","name:uk":"Південнопортовий район","official_status":"ru:внутригородская территория города федерального значения","type":"boundary","wikidata":"Q1963417","wikipedia":"ru:Южнопортовый район","id":"relation/1278096"},"id":"relation/1278096"},
{"type":"Feature","geometry":{"type":"Polygon","coordinates":[[[37.6542108,55.7288214],[37.6522857,55.7280661],[37.645995,55.729465],[37.644943,55.7280768],[37.6437423,55.7224038],[37.6366707,55.7235184],[37.6278928,55.7213649],[37.6177554,55.7202891],[37.6155773,55.7200829],[37.613644,55.7197902],[37.6136171,55.7166503],[37.6082869,55.7167305],[37.6061809,55.7111463],[37.6063503,55.7096713],[37.6113443,55.704309],[37.6209921,55.7060521],[37.6285727,55.7052553],[37.6281364,55.7034524],[37.628308,55.6939962],[37.6288682,55.6917492],[37.6315696,55.6866666],[37.6361186,55.6846102],[37.6439292,55.6844893],[37.6652416,55.6862244],[37.6672891,55.7007415],[37.667811,55.7052824],[37.6635834,55.719007],[37.6631267,55.7267583],[37.6567176,55.7263724],[37.6542108,55.7288214]]]},"properties":{"admin_level":"8","alt_name":"муниципальный округ Даниловский","boundary":"administrative","description":"район — административно-территориальная единица; муниципальный округ — тип муниципального образования (с 1 июля 2012)","name":"Даниловский район","name:be":"Данілаўскі раён","name:en":"Danilovsky District","name:ru":"Даниловский район","name:uk":"Даниловський район","official_status":"ru:внутригородская территория города федерального значения","type":"boundary","website":"https://dan.uao.mos.ru/","wikidata":"Q1963381","wikipedia":"ru:Даниловский район (Москва)","id":"relation/1281209"},"id":"relation/1281209"},
{"type":"Feature","geometry":{"type":"Polygon","coordinates":[[[37.6015422,55.6915516],[37.5961214,55.6961337],[37.5873424,55.7063265],[37.5613077,55.6915236],[37.5522197,55.6840578],[37.5555624,55.68213],[37.5629886,55.6778921],[37.5779862,55.6727468],[37.5803052,55.6748588],[37.5795097,55.6768589],[37.5859199,55.6790514],[37.597705,55.6898464],[37.6015422,55.6915516]]]},"properties":{"admin_level":"8","alt_name":"муниципальный округ Академический","boundary":"administrative","description":"район — административно-территориальная единица; муниципальный округ — тип муниципального образования (с 1 июля 2012)","name":"Академический район","name:en":"Akademichesky District","name:ru":"Академический район","name:uk":"Академічний район","official_status":"ru:внутригородская территория города федерального значения","type":"boundary","wikidata":"Q2366010","wikipedia":"ru:Академический район (Москва)","id":"relation/1281220"},"id":"relation/1281220"},
{"type":"Feature","geometry":{"type":"Polygon","coordinates":[[[37.5460702,55.6732317],[37.5551274,55.6706495],[37.5390605,55.6557454],[37.5462131,55.6527371],[37.5512393,55.6513217],[37.5639978,55.6494629],[37.5653686,55.6511333],[37.5812455,55.6660253],[37.5856332,55.6701049],[37.5779862,55.6727468],[37.5629886,55.6778921],[37.5555624,55.68213],[37.5460702,55.6732317]]]},"properties":{"admin_level":"8","alt_name":"муниципальный округ Черёмушки","boundary":"administrative","description":"район — административно-территориальная единица; муниципальный округ — тип муниципального образования (с 1 июля 2012)","name":"район Черёмушки","name:en":"Cheryomushki District","name:ru":"район Черёмушки","name:uk":"Район Черемушки","official_status":"ru:внутригородская территория города федерального значения","type":"boundary","wikidata":"Q1112926","wikipedia":"ru:Черёмушки (район Москвы)","id":"relation/1281263"},"id":"relation/1281263"},
{"type":"Feature","geometry":{"type":"Polygon","coordinates":[[[37.5873424,55.7063265],[37.5887529,55.7071218],[37.5821396,55.7109925],[37.5776083,55.7142058],[37.574928,55.7131177],[37.5654006,55.7107574],[37.5592321,55.7102802],[37.5365712,55.6935632],[37.5300533,55.689929],[37.5386702,55.6850164],[37.5474686,55.6808114],[37.5522197,55.6840578],[37.5613077,55.6915236],[37.5873424,55.7063265]]]},"properties":{"admin_level":"8","alt_name":"муниципальный округ Гагаринский","boundary":"administrative","description":"район — административно-территориальная единица; муниципальный округ — тип муниципального образования (с 1 июля 2012)","name":"Гагаринский район","name:en":"Gagarinsky District","name:ru":"Гагаринский район","name:uk":"Гагарінський район","official_status":"ru:внутригородская территория города федерального значения","type":"boundary","wikidata":"Q1962788","wikipedia":"ru:Гагаринский район (Москва)","id":"relation/1281648"},"id":"relation/1281648"},
{"type":"Feature","geometry":{"type":"Polygon","coordinates":[[[37.5240099,55.6737058],[37.5291009,55.6713908],[37.531486,55.6687755],[37.5335466,55.6682189],[37.5413319,55.668772],[37.5422095,55.6715569],[37.5460702,55.6732317],[37.5555624,55.68213],[37.5522197,55.6840578],[37.5474686,55.6808114],[37.5386702,55.6850164],[37.5300533,55.689929],[37.5116624,55.6797306],[37.5240099,55.6737058]]]},"properties":{"admin_level":"8","alt_name":"муниципальный округ Ломоносовский","boundary":"administrative","description":"район — административно-территориальная единица; муниципальный округ — тип муниципального образования (с 1 июля 2012)","name":"Ломоносовский район","name:en":"Lomonosovsky District","name:ru":"Ломоносовский район","name:uk":"Ломоносівський район","official_status":"ru:внутригородская территория города федерального значения","type":"boundary","wikidata":"Q2059063","wikipedia":"ru:Ломоносовский район (Москва)","id":"relation/1281702"},"id":"relation/1281702"},
{"type":"Feature","geometry":{"type":"Polygon","coordinates":[[[37.5812455,55.6660253],[37.5876055,55.6652319],[37.5946378,55.6655394],[37.5969265,55.6662338],[37.6013782,55.6647919],[37.6076464,55.6640831],[37.6116452,55.66608],[37.6059069,55.6690658],[37.6073783,55.6746682],[37.6146941,55.6805557],[37.6137024,55.6844758],[37.6099106,55.6838812],[37.6050228,55.6857954],[37.6051012,55.6891501],[37.6037381,55.6905249],[37.6015422,55.6915516],[37.597705,55.6898464],[37.5859199,55.6790514],[37.5795097,55.6768589],[37.5803052,55.6748588],[37.5779862,55.6727468],[37.5856332,55.6701049],[37.5812455,55.6660253]]]},"properties":{"admin_level":"8","alt_name":"муниципальный округ Котловка","boundary":"administrative","description":"район — административно-территориальная единица; муниципальный округ — тип муниципального образования (с 1 июля 2012)","name":"район Котловка","name:en":"Kotlovka District","name:ru":"район Котловка","name:uk":"Район Котлівка","official_status":"ru:внутригородская территория города федерального значения","type":"boundary","wikidata":"Q1963145","wikipedia":"ru:Котловка (район Москвы)","id":"relation/1292211"},"id":"relation/1292211"},
{"type":"Feature","geometry":{"type":"Polygon","coordinates":[[[37.6076464,55.6640831],[37.6013782,55.6647919],[37.5969265,55.6662338],[37.5946378,55.6655394],[37.5876055,55.6652319],[37.5812455,55.6660253],[37.5653686,55.6511333],[37.5639978,55.6494629],[37.5717008,55.6477612],[37.5803884,55.6453262],[37.5894153,55.642579],[37.5945131,55.6419632],[37.6056701,55.6413716],[37.605395,55.6564188],[37.6135718,55.6634793],[37.6076464,55.6640831]]]},"properties":{"admin_level":"8","alt_name":"муниципальный округ Зюзино","boundary":"administrative","description":"район — административно-территориальная единица; муниципальный округ — тип муниципального образования (с 1 июля 2012)","name":"район Зюзино","name:en":"Zyuzino District","name:ru":"район Зюзино","name:uk":"Район Зюзіне","official_status":"ru:внутригородская территория города федерального значения","type":"boundary","wikidata":"Q2008454","wikipedia":"ru:Зюзино (район Москвы)","id":"relation/1292286"},"id":"relation/1292286"},
{"type":"Feature","geometry":{"type":"Polygon","coordinates":[[[37.5390605,55.6557454],[37.5551274,55.6706495],[37.5460702,55.6732317],[37.5422095,55.6715569],[37.5413319,55.668772],[37.5335466,55.6682189],[37.531486,55.6687755],[37.5291009,55.6713908],[37.5240099,55.6737058],[37.5065428,55.6617784],[37.5016534,55.6585246],[37.4824662,55.6494605],[37.4869566,55.6466385],[37.4985134,55.6421875],[37.5088282,55.6499689],[37.5132541,55.6480948],[37.5253417,55.657309],[37.5390605,55.6557454]]]},"properties":{"admin_level":"8","alt_name":"муниципальный округ Обручевский","boundary":"administrative","description":"район — административно-территориальная единица; муниципальный округ — тип муниципального образования (с 1 июля 2012)","name":"Обручевский район","name:en":"Obruchevsky District","name:ru":"Обручевский район","name:uk":"Обручівський район","official_status":"ru:внутригородская территория города федерального значения","type":"boundary","wikidata":"Q1962988","wikipedia":"ru:Обручевский район","id":"relation/1292499"},"id":"relation/1292499"},
{"type":"Feature","geometry":{"type":"Polygon","coordinates":[[[37.477159,55.6857133],[37.4781191,55.6837761],[37.474389,55.6813526],[37.4737147,55.6789532],[37.4773411,55.6778971],[37.4816947,55.6738026],[37.4825055,55.6718989],[37.4868426,55.669581],[37.4925769,55.6700349],[37.498515,55.6687384],[37.5019082,55.6656643],[37.5067089,55.6629349],[37.5065428,55.6617784],[37.5240099,55.6737058],[37.5116624,55.6797306],[37.5070833,55.6848696],[37.5057256,55.6878943],[37.4980539,55.6880291],[37.4941143,55.6867022],[37.4886718,55.6886149],[37.4870018,55.6873662],[37.4899018,55.6838222],[37.4862705,55.6821907],[37.4813805,55.6811258],[37.4775617,55.6859265],[37.477159,55.6857133]]]},"properties":{"admin_level":"8","alt_name":"муниципальный округ Проспект Вернадского","boundary":"administrative","description":"район — административно-территориальная единица; муниципальный округ — тип муниципального образования (с 1 июля 2012)","name":"район Проспект Вернадского","name:en":"Prospekt Vernadskogo District","name:ru":"район Проспект Вернадского","name:uk":"Район Проспект Вернадського","official_status":"ru:внутригородская территория города федерального значения","type":"boundary","wikidata":"Q1962831","wikipedia":"ru:Проспект Вернадского (район Москвы)","id":"relation/1292679"},"id":"relation/1292679"},
{"type":"Feature","geometry":{"type":"Polygon","coordinates":[[[37.5065428,55.6617784],[37.5067089,55.6629349],[37.5019082,55.6656643],[37.498515,55.6687384],[37.4925769,55.6700349],[37.4868426,55.669581],[37.4825055,55.6718989],[37.4816947,55.6738026],[37.4773411,55.6778971],[37.4737147,55.6789532],[37.474389,55.6813526],[37.4781191,55.6837761],[37.477159,55.6857133],[37.4703038,55.6816388],[37.4606801,55.674916],[37.4566719,55.6727566],[37.4475933,55.669793],[37.4433844,55.6676116],[37.4393161,55.6641799],[37.4322665,55.662011],[37.436554,55.6575984],[37.4567711,55.6405261],[37.4554342,55.6372228],[37.4557187,55.6370488],[37.4824662,55.6494605],[37.5016534,55.6585246],[37.5065428,55.6617784]]]},"properties":{"addr:country":"RU","addr:region":"Москва","admin_level":"8","alt_name":"муниципальный округ Тропарёво-Никулино","boundary":"administrative","description":"район — административно-территориальная единица; муниципальный округ — тип муниципального образования (с 1 июля 2012)","name":"Тропарёво-Никулино","name:de":"Troparjowo-Nikulino","name:en":"Troparyovo-Nikulino","name:ru":"Тропарёво-Никулино","name:uk":"Тропарево-Нікуліне","official_status":"ru:внутригородская территория города федерального значения","type":"boundary","wikidata":"Q1963109","wikipedia":"ru:Тропарёво-Никулино","id":"relation/1292731"},"id":"relation/1292731"},
{"type":"Feature","geometry":{"type":"Polygon","coordinates":[[[37.4949329,55.720101],[37.4931321,55.7188817],[37.4886947,55.7183157],[37.4846734,55.7207588],[37.4767602,55.721529],[37.4691321,55.7185028],[37.4720821,55.7169883],[37.4707306,55.7146399],[37.4668179,55.7156112],[37.4638008,55.7139221],[37.4675179,55.7127907],[37.4638885,55.7103375],[37.4607919,55.7110732],[37.4546998,55.7099588],[37.4487234,55.7094928],[37.4478698,55.7070097],[37.4445111,55.7061223],[37.4355182,55.7057383],[37.4305886,55.7041643],[37.4212797,55.7080662],[37.420495,55.704552],[37.4119535,55.7067121],[37.4045563,55.7027645],[37.4059676,55.7007091],[37.4021617,55.6988389],[37.4103742,55.6926292],[37.4124023,55.6904192],[37.41496,55.685267],[37.4154479,55.6820433],[37.417481,55.6807762],[37.4180305,55.6805476],[37.4305568,55.6638327],[37.4322665,55.662011],[37.4393161,55.6641799],[37.4433844,55.6676116],[37.4475933,55.669793],[37.4566719,55.6727566],[37.4606801,55.674916],[37.4703038,55.6816388],[37.477159,55.6857133],[37.4775617,55.6859265],[37.4663185,55.6945259],[37.4695454,55.6981992],[37.4771605,55.7026248],[37.4881493,55.7073505],[37.4905934,55.7092836],[37.4929288,55.7134944],[37.4930927,55.7178328],[37.4949329,55.720101]]]},"properties":{"addr:country":"RU","addr:region":"Москва","admin_level":"8","alt_name":"муниципальный округ Очаково-Матвеевское","boundary":"administrative","description":"район — административно-территориальная единица; муниципальный округ — тип муниципального образования (с 1 июля 2012)","name":"район Очаково-Матвеевское","name:en":"Ochakovo-Matveyevskoye District","name:ru":"район Очаково-Матвеевское","name:uk":"Район Очаково-Матвіївське","official_status":"ru:внутригородская территория города федерального значения","type":"boundary","wikidata":"Q1963371","wikipedia":"ru:Очаково-Матвеевское","id":"relation/1292749"},"id":"relation/1292749"},
{"type":"Feature","geometry":{"type":"Polygon","coordinates":[[[37.8087009,55.7602404],[37.8056358,55.7533144],[37.8003403,55.753846],[37.7847935,55.7509158],[37.7878911,55.7455825],[37.7840401,55.7457884],[37.7811623,55.7419916],[37.7793972,55.7429351],[37.776676,55.7385825],[37.7745391,55.7384096],[37.7735886,55.7355061],[37.7818849,55.7370032],[37.8280834,55.7461576],[37.8302505,55.7496301],[37.8238875,55.7505658],[37.8269788,55.757673],[37.8087009,55.7602404]]]},"properties":{"addr:country":"RU","addr:region":"Москва","admin_level":"8","alt_name":"муниципальный округ Новогиреево","boundary":"administrative","description":"район — административно-территориальная единица; муниципальный округ — тип муниципального образования (с 1 июля 2012)","name":"район Новогиреево","name:be":"раён Новагірэева","name:en":"Novogireyevo District","name:ru":"район Новогиреево","name:uk":"Район Новогірієво","official_status":"ru:внутригородская территория города федерального значения","type":"boundary","wikidata":"Q2366899","wikipedia":"ru:Новогиреево (район Москвы)","id":"relation/1298976"},"id":"relation/1298976"},
{"type":"Feature","geometry":{"type":"Polygon","coordinates":[[[37.8012406,55.7680066],[37.7917387,55.7663307],[37.7786727,55.7661065],[37.7691693,55.7631962],[37.7547426,55.7604301],[37.7536978,55.7596111],[37.7542156,55.7587455],[37.7196119,55.7519793],[37.7253252,55.7489665],[37.7367139,55.7459458],[37.7410175,55.7444517],[37.7467226,55.7403678],[37.7527664,55.7382581],[37.7626364,55.7365415],[37.767519,55.7341543],[37.7735886,55.7355061],[37.7745391,55.7384096],[37.776676,55.7385825],[37.7793972,55.7429351],[37.7811623,55.7419916],[37.7840401,55.7457884],[37.7878911,55.7455825],[37.7847935,55.7509158],[37.8003403,55.753846],[37.8056358,55.7533144],[37.8087009,55.7602404],[37.8021089,55.7611094],[37.7997687,55.7624747],[37.8012406,55.7680066]]]},"properties":{"admin_level":"8","alt_name":"муниципальный округ Перово","boundary":"administrative","contact:website":"https://perovo.mos.ru","description":"район — административно-территориальная единица; муниципальный округ — тип муниципального образования (с 1 июля 2012)","name":"район Перово","name:en":"Perovo District","name:ru":"район Перово","name:uk":"Район Перово","official_status":"ru:внутригородская территория города федерального значения","type":"boundary","wikidata":"Q2364993","wikipedia":"ru:Перово (район Москвы)","id":"relation/1299013"},"id":"relation/1299013"},
{"type":"Feature","geometry":{"type":"Polygon","coordinates":[[[37.7536978,55.7596111],[37.7509311,55.7645231],[37.7485658,55.7659353],[37.7480395,55.7700472],[37.7453479,55.7700527],[37.7440986,55.7756649],[37.7429423,55.7877217],[37.7445056,55.7934888],[37.735899,55.794051],[37.732586,55.7929798],[37.7304005,55.7906886],[37.7256289,55.7878744],[37.7204543,55.7870024],[37.7176051,55.785504],[37.7067911,55.7845068],[37.7020118,55.7845808],[37.6992764,55.7827193],[37.6993516,55.7819726],[37.7077419,55.7801608],[37.7135295,55.7752599],[37.720389,55.7667332],[37.7206319,55.7624647],[37.7176602,55.7559645],[37.7196119,55.7519793],[37.7542156,55.7587455],[37.7536978,55.7596111]]]},"properties":{"admin_level":"8","alt_name":"муниципальный округ Соколиная Гора","boundary":"administrative","contact:website":"https://sokolinka.mos.ru","description":"район — административно-территориальная единица; муниципальный округ — тип муниципального образования (с 1 июля 2012)","name":"район Соколиная Гора","name:be":"раён Сакаліная Гара","name:en":"Sokolinaya Gora District","name:ru":"район Соколиная Гора","name:uk":"Район Соколина Гора","official_status":"ru:внутригородская территория города федерального значения","type":"boundary","wikidata":"Q2364971","wikipedia":"ru:Соколиная Гора (район Москвы)","id":"relation/1299031"},"id":"relation/1299031"},
{"type":"Feature","geometry":{"type":"Polygon","coordinates":[[[37.6992764,55.7827193],[37.7020118,55.7845808],[37.7067911,55.7845068],[37.7176051,55.785504],[37.7204543,55.7870024],[37.7256289,55.7878744],[37.7304005,55.7906886],[37.732586,55.7929798],[37.735899,55.794051],[37.7445056,55.7934888],[37.7461448,55.7985306],[37.7461384,55.8013561],[37.7459289,55.80903],[37.732352,55.8089993],[37.729849,55.8098175],[37.7239973,55.8064964],[37.7076755,55.803656],[37.6988032,55.8013426],[37.6991481,55.7990758],[37.705453,55.793162],[37.7047163,55.7917918],[37.6999859,55.7893293],[37.6986563,55.786753],[37.6992764,55.7827193]]]},"properties":{"addr:country":"RU","admin_level":"8","alt_name":"муниципальный округ Преображенское","boundary":"administrative","description":"район — административно-территориальная единица; муниципальный округ — тип муниципального образования (с 1 июля 2012)","name":"район Преображенское","name:en":"Preobrazhenskoye District","name:ru":"район Преображенское","name:uk":"Район Преображенське","official_status":"ru:внутригородская территория города федерального значения","type":"boundary","wikidata":"Q842239","wikipedia":"ru:Преображенское (район Москвы)","id":"relation/1299106"},"id":"relation/1299106"},
{"type":"Feature","geometry":{"type":"Polygon","coordinates":[[[37.6988032,55.8013426],[37.7076755,55.803656],[37.7239973,55.8064964],[37.729849,55.8098175],[37.732352,55.8089993],[37.7459289,55.80903],[37.7451291,55.8118195],[37.7428123,55.8141203],[37.7331591,55.8188295],[37.701274,55.8297217],[37.6872376,55.8343876],[37.6702104,55.8387396],[37.6715749,55.8290255],[37.6706941,55.8243936],[37.6750202,55.8204079],[37.6794303,55.8182302],[37.6854385,55.816857],[37.6852371,55.8154081],[37.6932468,55.8106118],[37.6972403,55.8107891],[37.7002953,55.8096015],[37.7018211,55.8055643],[37.6988032,55.8013426]]]},"properties":{"addr:country":"RU","addr:region":"Москва","admin_level":"8","alt_name":"муниципальный округ Богородское","boundary":"administrative","description":"район — административно-территориальная единица; муниципальный округ — тип муниципального образования (с 1 июля 2012)","name":"район Богородское","name:be":"Раён Багародскае","name:en":"Bogorodskoye District","name:ru":"район Богородское","name:uk":"Район Богородське","official_status":"ru:внутригородская территория города федерального значения","type":"boundary","wikidata":"Q2367564","wikipedia":"ru:Богородское (район Москвы)","id":"relation/1319060"},"id":"relation/1319060"},
{"type":"Feature","geometry":{"type":"Polygon","coordinates":[[[37.6702104,55.8387396],[37.6872376,55.8343876],[37.701274,55.8297217],[37.7331591,55.8188295],[37.7428123,55.8141203],[37.7451291,55.8118195],[37.7459289,55.80903],[37.7479237,55.8109509],[37.7544003,55.8129676],[37.7670532,55.8180868],[37.7832195,55.8216738],[37.7847449,55.8246153],[37.781424,55.8247617],[37.778869,55.8433377],[37.7774058,55.8564419],[37.7684983,55.8608921],[37.7347837,55.8784053],[37.7310102,55.8768929],[37.7318197,55.8749452],[37.7242557,55.873008],[37.719672,55.8736992],[37.7158133,55.8701542],[37.7076994,55.8655185],[37.7094382,55.8609111],[37.7180173,55.8606073],[37.7216393,55.8529241],[37.7201692,55.8505716],[37.7140751,55.8469149],[37.7056434,55.8479445],[37.7035867,55.8487733],[37.6968229,55.8481609],[37.6937646,55.8520726],[37.6947455,55.8533753],[37.6907472,55.8561774],[37.6867679,55.8545129],[37.6922843,55.8529088],[37.6922264,55.8503067],[37.6903183,55.8480056],[37.6783464,55.8418159],[37.6763165,55.8388216],[37.6702104,55.8387396]]]},"properties":{"addr:country":"RU","addr:region":"Москва","admin_level":"8","alt_name":"муниципальный округ Метрогородок","boundary":"administrative","description":"район — административно-территориальная единица; муниципальный округ — тип муниципального образования (с 1 июля 2012)","name":"район Метрогородок","name:en":"Metrogorodok District","name:ru":"район Метрогородок","name:uk":"Район Метромістечко","official_status":"ru:внутригородская территория города федерального значения","type":"boundary","wikidata":"Q2626887","wikipedia":"ru:Метрогородок","id":"relation/1319078"},"id":"relation/1319078"},
{"type":"Feature","geometry":{"type":"Polygon","coordinates":[[[37.7508483,55.8021699],[37.7549958,55.8030569],[37.7785026,55.8092981],[37.7825076,55.8097806],[37.81176,55.8106461],[37.8414608,55.8143206],[37.8435518,55.8149722],[37.8391745,55.8162615],[37.8373695,55.8224896],[37.8343899,55.8259607],[37.8300815,55.829153],[37.8138961,55.8376639],[37.7774058,55.8564419],[37.778869,55.8433377],[37.781424,55.8247617],[37.7847449,55.8246153],[37.7832195,55.8216738],[37.7670532,55.8180868],[37.7544003,55.8129676],[37.7479237,55.8109509],[37.7459289,55.80903],[37.7461384,55.8013561],[37.7508483,55.8021699]]]},"properties":{"addr:country":"RU","addr:region":"Москва","admin_level":"8","alt_name":"муниципальный округ Гольяново","boundary":"administrative","contact:website":"https://golyanovo.mos.ru","description":"район — административно-территориальная единица; муниципальный округ — тип муниципального образования (с 1 июля 2012)","name":"район Гольяново","name:be":"раён Гальянава","name:en":"Golyanovo District","name:etymology:wikidata":"Q311561","name:ru":"район Гольяново","name:uk":"Район Гольянове","official_status":"ru:внутригородская территория города федерального значения","type":"boundary","wikidata":"Q2365753","wikipedia":"ru:Гольяново","id":"relation/1319142"},"id":"relation/1319142"},
{"type":"Feature","geometry":{"type":"Polygon","coordinates":[[[37.8012406,55.7680066],[37.799932,55.7882733],[37.7994548,55.7932395],[37.8055777,55.7933444],[37.8051168,55.8028665],[37.7802602,55.8026355],[37.7508483,55.8021699],[37.7461384,55.8013561],[37.7461448,55.7985306],[37.7445056,55.7934888],[37.7429423,55.7877217],[37.7440986,55.7756649],[37.7453479,55.7700527],[37.7480395,55.7700472],[37.7485658,55.7659353],[37.7509311,55.7645231],[37.7536978,55.7596111],[37.7547426,55.7604301],[37.7691693,55.7631962],[37.7786727,55.7661065],[37.7917387,55.7663307],[37.8012406,55.7680066]]]},"properties":{"admin_level":"8","alt_name":"муниципальный округ Измайлово","boundary":"administrative","contact:website":"https://izmaylowo.mos.ru/","description":"район — административно-территориальная единица; муниципальный округ — тип муниципального образования (с 1 июля 2012)","name":"район Измайлово","name:be":"раён Ізмайлава","name:en":"Izmaylovo District","name:ru":"район Измайлово","name:uk":"Район Ізмайлове","official_status":"ru:внутригородская территория города федерального значения","type":"boundary","wikidata":"Q635860","wikipedia":"ru:Измайлово (район Москвы)","id":"relation/1319245"},"id":"relation/1319245"},
{"type":"Feature","geometry":{"type":"Polygon","coordinates":[[[37.8012406,55.7680066],[37.7997687,55.7624747],[37.8021089,55.7611094],[37.8087009,55.7602404],[37.8269788,55.757673],[37.8238875,55.7505658],[37.8302505,55.7496301],[37.8280834,55.7461576],[37.8426838,55.749073],[37.8434979,55.7669072],[37.8459341,55.7686145],[37.8436249,55.7725573],[37.8434007,55.7747346],[37.8463818,55.7781994],[37.8431377,55.7792395],[37.8420251,55.7889634],[37.8341552,55.7876543],[37.8299659,55.7893253],[37.8235357,55.7902185],[37.8231829,55.788951],[37.8181157,55.7886247],[37.799932,55.7882733],[37.8012406,55.7680066]]]},"properties":{"addr:country":"RU","addr:region":"Москва","admin_level":"8","alt_name":"муниципальный округ Ивановское","boundary":"administrative","contact:website":"https://ivanovskoe.mos.ru","description":"район — административно-территориальная единица; муниципальный округ — тип муниципального образования (с 1 июля 2012)","name":"район Ивановское","name:be":"раён Іванаўскае","name:en":"Ivanovskoye District","name:ru":"район Ивановское","name:uk":"Район Іванівське","official_status":"ru:внутригородская территория города федерального значения","type":"boundary","wikidata":"Q2367484","wikipedia":"ru:Ивановское (район Москвы)","id":"relation/1319263"},"id":"relation/1319263"},
{"type":"Feature","geometry":{"type":"Polygon","coordinates":[[[37.1506438,55.9992264],[37.1502483,55.9975337],[37.152711,55.994242],[37.1443929,55.9893163],[37.1487335,55.9769919],[37.1487736,55.9702666],[37.1463797,55.9699697],[37.1455974,55.9660427],[37.1466108,55.9637194],[37.1511552,55.9618777],[37.1612707,55.9617969],[37.1640371,55.9589706],[37.1691496,55.9592476],[37.1714702,55.9606801],[37.1752844,55.957511],[37.1780025,55.9586848],[37.1843967,55.9574046],[37.1832169,55.9542615],[37.1864035,55.9530893],[37.1888245,55.9561139],[37.202851,55.9532172],[37.2015293,55.949413],[37.2048778,55.9481976],[37.2109008,55.9481414],[37.2165072,55.948724],[37.2199076,55.9502304],[37.2184454,55.9514662],[37.2207934,55.9540293],[37.2185558,55.9552062],[37.2172453,55.9579073],[37.2129634,55.9558351],[37.2101783,55.9573718],[37.2093294,55.960172],[37.2058114,55.9632131],[37.20928,55.9644195],[37.2115659,55.9671511],[37.2083247,55.9697722],[37.1899223,55.9738932],[37.1824771,55.9761023],[37.1732656,55.9804371],[37.1677194,55.9844747],[37.1506438,55.9992264]]]},"properties":{"admin_level":"8","alt_name":"муниципальный округ Крюково","boundary":"administrative","description":"район — административно-территориальная единица; муниципальный округ — тип муниципального образования (с 1 июля 2012)","name":"район Крюково","name:be":"раён Крюкава","name:en":"Kryukovo District","name:ru":"район Крюково","official_status":"ru:внутригородская территория города федерального значения","type":"boundary","wikidata":"Q587055","wikipedia":"ru:Крюково (район)","id":"relation/1320371"},"id":"relation/1320371"},
{"type":"Feature","geometry":{"type":"Polygon","coordinates":[[[37.2247778,55.9812711],[37.226335,55.9841166],[37.2249166,55.9849319],[37.2185605,55.9853041],[37.2163136,55.9867874],[37.2124343,55.9870264],[37.205083,55.9880461],[37.1957154,55.9889794],[37.1938259,55.9910189],[37.1910927,55.9914545],[37.1851938,55.9903377],[37.1796218,55.9841183],[37.1732656,55.9804371],[37.1824771,55.9761023],[37.1899223,55.9738932],[37.2083247,55.9697722],[37.2113032,55.9704557],[37.2128397,55.9765963],[37.2174582,55.9783647],[37.2205147,55.9813061],[37.2247778,55.9812711]]]},"properties":{"admin_level":"8","alt_name":"муниципальный округ Старое Крюково","boundary":"administrative","description":"район — административно-территориальная единица; муниципальный округ — тип муниципального образования (с 1 июля 2012)","name":"район Старое Крюково","name:en":"Staroye Kryukovo District","name:ru":"район Старое Крюково","official_status":"ru:внутригородская территория города федерального значения","type":"boundary","wikidata":"Q3831538","wikipedia":"ru:Старое Крюково","id":"relation/1320424"},"id":"relation/1320424"},
{"type":"Feature","geometry":{"type":"Polygon","coordinates":[[[37.1506438,55.9992264],[37.1677194,55.9844747],[37.1732656,55.9804371],[37.1796218,55.9841183],[37.1851938,55.9903377],[37.1910927,55.9914545],[37.1938259,55.9910189],[37.1957154,55.9889794],[37.205083,55.9880461],[37.2050906,55.9917267],[37.1969844,55.9995359],[37.2007313,55.9999969],[37.1999412,56.0025164],[37.1942907,56.0043551],[37.1892815,56.0020438],[37.1862997,56.0024107],[37.1845334,56.005238],[37.179102,56.0052949],[37.1785294,56.0079518],[37.1817462,56.0083732],[37.1803866,56.0114625],[37.1904747,56.013512],[37.1955702,56.0186013],[37.1889779,56.0212238],[37.1814741,56.0167156],[37.1776116,56.0151322],[37.1617302,56.0132212],[37.1591858,56.0153355],[37.158256,56.0179977],[37.1505203,56.0164989],[37.1452354,56.0180924],[37.1433486,56.0176918],[37.1360907,56.0191079],[37.1316021,56.0164459],[37.1390684,56.0095945],[37.1469766,56.0033472],[37.1506438,55.9992264]]]},"properties":{"addr:region":"Москва","admin_level":"8","alt_name":"муниципальный округ Силино","boundary":"administrative","description":"район — административно-территориальная единица; муниципальный округ — тип муниципального образования (с 1 июля 2012)","name":"район Силино","name:be":"раён Сiлiна","name:en":"Silino District","name:ru":"район Силино","official_status":"ru:внутригородская территория города федерального значения","type":"boundary","wikidata":"Q3960539","wikipedia":"ru:Силино (район)","id":"relation/1320510"},"id":"relation/1320510"},
{"type":"Feature","geometry":{"type":"Polygon","coordinates":[[[37.205083,55.9880461],[37.2124343,55.9870264],[37.2139882,55.9932683],[37.2094995,56.0008249],[37.2120017,56.0012461],[37.2203071,55.9992587],[37.2258794,55.9990739],[37.2272962,56.0004613],[37.2252467,56.0044104],[37.2317604,56.0044286],[37.2106648,56.0124305],[37.2113025,56.0129758],[37.2073752,56.0171497],[37.2032502,56.0154857],[37.1955702,56.0186013],[37.1904747,56.013512],[37.1803866,56.0114625],[37.1817462,56.0083732],[37.1785294,56.0079518],[37.179102,56.0052949],[37.1845334,56.005238],[37.1862997,56.0024107],[37.1892815,56.0020438],[37.1942907,56.0043551],[37.1999412,56.0025164],[37.2007313,55.9999969],[37.1969844,55.9995359],[37.2050906,55.9917267],[37.205083,55.9880461]]]},"properties":{"admin_level":"8","alt_name":"муниципальный округ Матушкино","boundary":"administrative","description":"район — административно-территориальная единица; муниципальный округ — тип муниципального образования (с 1 июля 2012)","name":"район Матушкино","name:be":"раён Матушкiна","name:en":"Matushkino District","name:ru":"район Матушкино","official_status":"ru:внутригородская территория города федерального значения","type":"boundary","wikidata":"Q3831503","wikipedia":"ru:Матушкино","id":"relation/1320566"},"id":"relation/1320566"},
{"type":"Feature","geometry":{"type":"Polygon","coordinates":[[[37.2317604,56.0044286],[37.2252467,56.0044104],[37.2272962,56.0004613],[37.2258794,55.9990739],[37.2203071,55.9992587],[37.2120017,56.0012461],[37.2094995,56.0008249],[37.2139882,55.9932683],[37.2124343,55.9870264],[37.2163136,55.9867874],[37.2185605,55.9853041],[37.2249166,55.9849319],[37.226335,55.9841166],[37.2247778,55.9812711],[37.2272044,55.9798159],[37.2301717,55.9802425],[37.2333488,55.9785006],[37.2352106,55.9796505],[37.2420275,55.9792738],[37.2436962,55.9766983],[37.2464974,55.9757394],[37.25327,55.9704143],[37.2526505,55.9680639],[37.2612918,55.9680732],[37.2614608,55.971425],[37.263798,55.9727113],[37.266438,55.9794662],[37.265107,55.9858838],[37.2630137,55.9885412],[37.2555496,55.9872614],[37.2537923,55.9882694],[37.2573079,55.9900582],[37.2605357,55.9931529],[37.2484437,55.9978412],[37.2453939,56.0010689],[37.2423008,56.0002817],[37.2317604,56.0044286]]]},"properties":{"admin_level":"8","alt_name":"муниципальный округ Савёлки","boundary":"administrative","description":"район — административно-территориальная единица; муниципальный округ — тип муниципального образования (с 1 июля 2012)","name":"район Савёлки","name:en":"Savyolki District","name:ru":"район Савёлки","official_status":"ru:внутригородская территория города федерального значения","type":"boundary","wikidata":"Q3831532","wikipedia":"ru:Савёлки","id":"relation/1320570"},"id":"relation/1320570"},
{"type":"Feature","geometry":{"type":"MultiPolygon","coordinates":[[[[36.9007522,55.3148568],[36.903505,55.3124931],[36.9071485,55.3111144],[36.9110651,55.3135704],[36.9120709,55.3167452],[36.9176683,55.3163625],[36.9228058,55.3239412],[36.9224056,55.3247544],[36.9137544,55.3258954],[36.9158469,55.3303256],[36.910332,55.3313028],[36.9084432,55.3298934],[36.9101209,55.3261704],[36.909091,55.3199197],[36.9061728,55.3167452],[36.9007522,55.3148568]]],[[[37.0545868,55.3989197],[37.0643173,55.3989709],[37.0760998,55.4069594],[37.0738059,55.4124832],[37.0750219,55.4134904],[37.0726793,55.418086],[37.0739793,55.421673],[37.0772402,55.4259216],[37.0828725,55.4249238],[37.0860517,55.4259882],[37.0904299,55.4303108],[37.0967929,55.4314764],[37.1002463,55.4335837],[37.0997182,55.4371125],[37.1065015,55.4385182],[37.1084991,55.4395122],[37.1125655,55.4412924],[37.1079402,55.4450667],[37.1107738,55.4483991],[37.0998116,55.4457102],[37.0960453,55.4432768],[37.0892834,55.4412316],[37.0872679,55.4462724],[37.0825219,55.4454923],[37.0803245,55.4526986],[37.0767899,55.4535678],[37.0586117,55.4546905],[37.0606131,55.4626603],[37.0368186,55.464061],[37.0355766,55.4584408],[37.0321283,55.4559566],[37.0200709,55.4567858],[37.0192337,55.4451288],[37.0063088,55.4461697],[37.0034712,55.4495971],[37.0055731,55.4505198],[37.002084,55.4525958],[36.999775,55.452502],[36.9940174,55.4583184],[36.9895955,55.459224],[36.9892874,55.4568512],[36.9840096,55.4577873],[36.9829592,55.454873],[36.9734462,55.4554605],[36.9777907,55.4937419],[36.9350578,55.4961553],[36.9369095,55.4994809],[36.9352278,55.505233],[36.9379678,55.5070078],[36.9360189,55.5090215],[36.939271,55.5131477],[36.9419815,55.5153293],[36.9406831,55.5163603],[36.9356096,55.5150132],[36.9197539,55.5154461],[36.9194745,55.5058449],[36.8694399,55.506501],[36.8278753,55.507513],[36.8279763,55.5084235],[36.8162398,55.5083513],[36.8162359,55.4952805],[36.815916,55.4751375],[36.8152077,55.4659722],[36.8045117,55.465508],[36.8031012,55.4408329],[36.8113604,55.436299],[36.8191279,55.426764],[36.8219237,55.4292788],[36.8260484,55.4281616],[36.8226024,55.4248663],[36.8265397,55.4214312],[36.8420879,55.4186994],[36.8342961,55.4139868],[36.8618745,55.4010347],[36.8482657,55.3920817],[36.8628646,55.3848405],[36.8557881,55.3805025],[36.9040847,55.3570066],[36.9069832,55.3547649],[36.9155903,55.3540829],[36.9162405,55.3507965],[36.936134,55.3412569],[36.9368876,55.3365924],[36.9391706,55.3366222],[36.9422175,55.3325707],[36.9466292,55.3306699],[36.94473,55.3293694],[36.9604066,55.3219045],[36.9636827,55.3240984],[36.9776942,55.3186451],[36.9864415,55.3155888],[36.9902152,55.3252964],[36.9897115,55.3276675],[36.9919601,55.3303241],[36.9922185,55.3326556],[36.9949851,55.3335969],[36.9992522,55.3330735],[37.0109934,55.3407438],[36.9740716,55.3518001],[36.9702181,55.3523218],[36.9703153,55.3564],[36.9735128,55.3603249],[36.9771351,55.3698042],[36.9806387,55.3725857],[36.9811053,55.3753162],[36.9862818,55.374379],[36.9940451,55.3753731],[36.997862,55.3768125],[36.9979467,55.3783549],[37.0036372,55.3814708],[37.0056529,55.3837762],[37.0094042,55.3857282],[37.0124558,55.3898936],[37.0081667,55.3944003],[37.0097748,55.3968071],[37.0155599,55.3990103],[37.0206857,55.3990728],[37.027816,55.4018349],[37.0362804,55.4025571],[37.0364945,55.4015049],[37.0431881,55.398978],[37.052566,55.4000004],[37.0545868,55.3989197]]]]},"properties":{"addr:region":"Москва","admin_level":"8","boundary":"administrative","name":"район Бекасово","official_status":"ru:муниципальный округ","type":"boundary","id":"relation/1693596"},"id":"relation/1693596"},
{"type":"Feature","geometry":{"type":"Polygon","coordinates":[[[37.3713843,55.4478643],[37.3727168,55.4499159],[37.3786694,55.4521101],[37.3844749,55.4512963],[37.3879022,55.4535718],[37.3864742,55.4559248],[37.3887682,55.4571004],[37.3942065,55.4631642],[37.3910316,55.4666742],[37.3945731,55.4690068],[37.3994519,55.4684893],[37.4003774,55.4669892],[37.4050761,55.4650821],[37.4076272,55.4650853],[37.4112571,55.4629321],[37.4122044,55.4656282],[37.4157164,55.4661543],[37.4196233,55.4687008],[37.4245489,55.4698473],[37.429091,55.4694207],[37.429736,55.4717742],[37.4262247,55.475893],[37.4322319,55.4762306],[37.4388297,55.4787126],[37.4446378,55.4821179],[37.4473873,55.4871037],[37.4454505,55.4887643],[37.448813,55.4898861],[37.4542604,55.4939337],[37.4553653,55.4954545],[37.4494773,55.4961255],[37.4488851,55.4979244],[37.44702,55.4994423],[37.4391084,55.5021163],[37.4379775,55.500746],[37.4325482,55.5023808],[37.4328167,55.5056828],[37.4288698,55.5042819],[37.4215318,55.5047874],[37.4178199,55.5067027],[37.4151532,55.5048012],[37.4178058,55.5011254],[37.4136507,55.5019432],[37.4082346,55.5005751],[37.4049147,55.5016587],[37.4090837,55.5047936],[37.4098453,55.50846],[37.4053129,55.5100634],[37.4088694,55.5127448],[37.4126044,55.5129298],[37.4112998,55.5159525],[37.4050513,55.5168272],[37.4071113,55.5192957],[37.4041072,55.521079],[37.3968425,55.5205847],[37.3965003,55.526576],[37.394021,55.5266726],[37.3897461,55.5284929],[37.390652,55.5329538],[37.3934381,55.5363338],[37.3968023,55.5383099],[37.4122417,55.5444781],[37.4071636,55.5484109],[37.4080255,55.5495705],[37.3922076,55.5536352],[37.3940581,55.5556634],[37.3885022,55.5575493],[37.3845063,55.5602965],[37.3787661,55.5617234],[37.3764655,55.5614836],[37.3679583,55.5556337],[37.3687282,55.5489356],[37.3648737,55.5476258],[37.3536216,55.5504778],[37.3518053,55.5473838],[37.3435601,55.5470448],[37.3420311,55.5448712],[37.3360651,55.5406375],[37.3333116,55.5396367],[37.3287443,55.5399131],[37.3275629,55.5384916],[37.3189191,55.5384435],[37.313656,55.5391211],[37.3113041,55.5437288],[37.3045139,55.5424474],[37.2980889,55.5393236],[37.2997324,55.5301907],[37.2934971,55.5290951],[37.2840337,55.5256569],[37.2703955,55.5190894],[37.273414,55.5175541],[37.2724294,55.515415],[37.2724581,55.5108751],[37.270101,55.5089849],[37.2705632,55.5066408],[37.2659748,55.5051805],[37.2556509,55.5034238],[37.2539498,55.5042583],[37.2497086,55.5018149],[37.2466151,55.4978099],[37.243444,55.49726],[37.2470823,55.4966573],[37.2469313,55.4949485],[37.2506493,55.492329],[37.2529646,55.4889273],[37.2530926,55.4866751],[37.2584,55.4831334],[37.2610226,55.4804497],[37.2597268,55.4781182],[37.2597902,55.4751781],[37.2644245,55.4626104],[37.2664283,55.4604276],[37.2640555,55.4581077],[37.2688959,55.4553108],[37.2687467,55.4454548],[37.2700549,55.4429616],[37.278797,55.4431869],[37.2886577,55.4419996],[37.2908557,55.4509929],[37.2942087,55.4555373],[37.3018033,55.4509768],[37.3051173,55.4507976],[37.3117864,55.4528613],[37.3118116,55.4566935],[37.3178622,55.4569915],[37.3256193,55.4557992],[37.3362513,55.4531535],[37.3515992,55.4519658],[37.3713843,55.4478643]]]},"properties":{"addr:country":"RU","addr:region":"Москва","admin_level":"8","boundary":"administrative","name":"район Троицк","official_status":"ru:городской округ","type":"boundary","wikipedia":"ru:Троицк (Москва)","id":"relation/1703093"},"id":"relation/1703093"},
{"type":"Feature","geometry":{"type":"Polygon","coordinates":[[[37.5784455,55.5216802],[37.5771272,55.5172033],[37.5676921,55.516684],[37.5661789,55.5170806],[37.564203,55.5240451],[37.55938,55.5281421],[37.5524825,55.5299552],[37.543658,55.5293622],[37.537967,55.5269385],[37.534544,55.5228191],[37.534419,55.5200753],[37.5326508,55.5187602],[37.5274982,55.5211929],[37.5201236,55.5224844],[37.5192178,55.5254659],[37.5068447,55.5270864],[37.5044957,55.5264095],[37.4991688,55.5267545],[37.494018,55.5284414],[37.4864341,55.5297858],[37.4831153,55.5286047],[37.4829393,55.5271589],[37.477389,55.5261563],[37.4709829,55.5288439],[37.4667772,55.5271093],[37.4664281,55.5231927],[37.4629793,55.5221191],[37.4569937,55.5179491],[37.4510022,55.5156463],[37.4495838,55.5125103],[37.4497354,55.5100973],[37.4428653,55.5082928],[37.4430877,55.5069701],[37.4503088,55.5053712],[37.4561379,55.501876],[37.4539559,55.498929],[37.4508506,55.4994218],[37.4488851,55.4979244],[37.4494773,55.4961255],[37.4553653,55.4954545],[37.4542604,55.4939337],[37.448813,55.4898861],[37.4454505,55.4887643],[37.4473873,55.4871037],[37.4446378,55.4821179],[37.4496746,55.4801239],[37.4476133,55.4751068],[37.4520502,55.4725548],[37.4564122,55.4728728],[37.4600779,55.4702088],[37.4642182,55.4684469],[37.4585142,55.4679137],[37.4579022,55.4656842],[37.4653222,55.4648329],[37.4700953,55.4622729],[37.4780473,55.4606287],[37.4848277,55.4582687],[37.4895226,55.4608334],[37.4953505,55.4597627],[37.4962517,55.4580984],[37.4923293,55.4556893],[37.498655,55.4506468],[37.4954621,55.4490745],[37.4864241,55.4478283],[37.4889655,55.445072],[37.4994875,55.4413729],[37.5030414,55.437886],[37.5073874,55.4366877],[37.5134813,55.4359233],[37.5293944,55.4358453],[37.5352652,55.4362787],[37.5383916,55.4374857],[37.5366355,55.4392247],[37.5347712,55.4449509],[37.5315207,55.4469073],[37.5327639,55.4536847],[37.5425533,55.456723],[37.5443163,55.4578625],[37.5479392,55.4571382],[37.5478605,55.4598497],[37.5459091,55.4615658],[37.5447501,55.4726458],[37.5608448,55.4733871],[37.5654849,55.487418],[37.5674551,55.4876619],[37.578667,55.4866923],[37.5798005,55.4836784],[37.5859645,55.489054],[37.5818913,55.4920181],[37.5833567,55.4935768],[37.5950843,55.4887276],[37.601931,55.4892832],[37.6046793,55.4916699],[37.6064915,55.4882986],[37.6113541,55.4896351],[37.6079282,55.4927869],[37.610417,55.4932414],[37.6096839,55.4963167],[37.6080963,55.509844],[37.6008921,55.5109247],[37.5980226,55.5147069],[37.5918282,55.5124933],[37.5855231,55.5179973],[37.5784455,55.5216802]]]},"properties":{"addr:country":"RU","addr:region":"Москва","admin_level":"8","boundary":"administrative","name":"район Щербинка","official_status":"ru:муниципальный округ","type":"boundary","wikidata":"Q130289881","wikipedia":"ru:Щербинка (район)","id":"relation/1703095"},"id":"relation/1703095"},
{"type":"Feature","geometry":{"type":"Polygon","coordinates":[[[37.0545868,55.3989197],[37.052566,55.4000004],[37.0431881,55.398978],[37.0364945,55.4015049],[37.0362804,55.4025571],[37.027816,55.4018349],[37.0206857,55.3990728],[37.0155599,55.3990103],[37.0097748,55.3968071],[37.0081667,55.3944003],[37.0124558,55.3898936],[37.0094042,55.3857282],[37.0056529,55.3837762],[37.0036372,55.3814708],[36.9979467,55.3783549],[36.997862,55.3768125],[36.9940451,55.3753731],[36.9862818,55.374379],[36.9811053,55.3753162],[36.9806387,55.3725857],[36.9771351,55.3698042],[36.9735128,55.3603249],[36.9703153,55.3564],[36.9702181,55.3523218],[36.9740716,55.3518001],[37.0109934,55.3407438],[36.9992522,55.3330735],[36.9949851,55.3335969],[36.9922185,55.3326556],[36.9919601,55.3303241],[36.9897115,55.3276675],[36.9902152,55.3252964],[36.9864415,55.3155888],[36.9878511,55.3091765],[36.9849874,55.3026114],[36.9873663,55.299957],[36.9838119,55.296971],[36.992308,55.2926546],[36.9933511,55.2910392],[37.0025673,55.2890093],[37.0126627,55.2898928],[37.0216065,55.2887924],[37.021409,55.2844293],[37.0259868,55.2843746],[37.0260365,55.2830207],[36.9900377,55.2761388],[36.9867967,55.2763316],[36.9834123,55.2681383],[36.9804835,55.2690665],[36.9750672,55.2662075],[36.9693269,55.2672127],[36.9662549,55.2663311],[36.9627016,55.2673922],[36.9569738,55.2654009],[36.9525171,55.2648355],[36.9571023,55.2607625],[36.9536543,55.2590903],[36.9505631,55.2589776],[36.9490731,55.2572346],[36.9477649,55.2497062],[36.9526161,55.2492727],[36.9514323,55.2456509],[36.9437829,55.2475101],[36.9434425,55.2449156],[36.9372397,55.2413907],[36.9467799,55.2413959],[36.9494394,55.2402372],[36.9501322,55.2382617],[36.9488563,55.2343118],[36.9458295,55.2307229],[36.9496407,55.2246956],[36.9458962,55.2228045],[36.9484587,55.2203112],[36.9470709,55.2185131],[36.9514697,55.2182124],[36.9572593,55.2166115],[36.9650317,55.21207],[36.9616364,55.2089772],[36.9663044,55.2053499],[36.9670967,55.1997366],[36.9690566,55.19847],[36.9757102,55.1895425],[36.9810681,55.186116],[36.9815935,55.1822849],[36.9858813,55.1809016],[36.9935468,55.1827974],[36.9971734,55.1801419],[37.0012075,55.1815111],[37.0069012,55.1807162],[37.0082314,55.1828315],[37.0164739,55.184019],[37.0197139,55.1829503],[37.0142189,55.1773],[37.0180939,55.1772688],[37.0192618,55.1729636],[37.0198904,55.1611199],[37.0152269,55.1599986],[37.0208478,55.1560649],[37.0232266,55.1555999],[37.0274341,55.1526132],[37.0279371,55.1501468],[37.0325737,55.147703],[37.0378396,55.1460157],[37.0392054,55.1425215],[37.0448159,55.143376],[37.064748,55.1442772],[37.0643935,55.147119],[37.1112104,55.149187],[37.1105834,55.1541636],[37.1420798,55.1556758],[37.1407765,55.1643778],[37.1563181,55.1647621],[37.1571762,55.1617451],[37.1620628,55.1647183],[37.169879,55.1643393],[37.1713388,55.1654708],[37.1711277,55.1703684],[37.1673875,55.1806257],[37.1683554,55.1828375],[37.1672809,55.1854214],[37.1733621,55.1916136],[37.1744385,55.1950437],[37.1688774,55.1946373],[37.1666677,55.2114437],[37.167991,55.2116104],[37.1695854,55.2157646],[37.1662744,55.2161455],[37.1633611,55.2315787],[37.1715136,55.2313471],[37.1758457,55.2325556],[37.178098,55.2342875],[37.1848703,55.2368846],[37.1890012,55.2364724],[37.1939404,55.2348099],[37.1998437,55.2377152],[37.2046298,55.2414563],[37.2011838,55.2443623],[37.2059444,55.2494691],[37.2142064,55.2526908],[37.2190046,55.2531095],[37.2348499,55.2476266],[37.233157,55.245576],[37.2355324,55.2443924],[37.2347826,55.2427651],[37.2455159,55.2392653],[37.2474556,55.2419298],[37.2512725,55.2399967],[37.2543107,55.2403266],[37.2638158,55.2401408],[37.2696046,55.2407218],[37.2744925,55.2446116],[37.2768652,55.2515818],[37.2678845,55.2564651],[37.2715607,55.2588241],[37.291024,55.2485853],[37.2944596,55.2423799],[37.3029831,55.2429011],[37.3069924,55.2401223],[37.3052108,55.2381806],[37.3043326,55.2318411],[37.2999211,55.2306084],[37.3008467,55.2245258],[37.3092767,55.2222374],[37.3169676,55.2207156],[37.3178195,55.2227216],[37.3166632,55.2282851],[37.3268107,55.2290142],[37.3333916,55.2286723],[37.3349123,55.2369804],[37.3344099,55.2380419],[37.3532432,55.2388534],[37.3631297,55.2415857],[37.3851209,55.2468083],[37.4003799,55.2500923],[37.4053152,55.2505764],[37.4066409,55.2608402],[37.4128338,55.2822172],[37.4154462,55.286497],[37.4152262,55.2900262],[37.409719,55.2901725],[37.4085699,55.2919091],[37.41323,55.2935885],[37.4108982,55.2962582],[37.4049077,55.296789],[37.404074,55.3004863],[37.3994496,55.3016912],[37.392513,55.2995215],[37.389964,55.3025414],[37.3936511,55.3078776],[37.3898721,55.3122243],[37.3879199,55.3121699],[37.3845967,55.3165167],[37.3944079,55.3154412],[37.3966906,55.3160378],[37.4018094,55.3129758],[37.4069784,55.3113646],[37.4097827,55.309415],[37.4146471,55.311858],[37.4221271,55.3115196],[37.4278176,55.3147269],[37.4238851,55.3163874],[37.417034,55.317126],[37.4142091,55.3190536],[37.4083712,55.3205341],[37.4102057,55.3222002],[37.4001581,55.3258258],[37.3922743,55.3275792],[37.3878519,55.3275317],[37.3888995,55.3295527],[37.3878856,55.3322657],[37.390977,55.3331114],[37.3941167,55.3318325],[37.3969977,55.3327612],[37.3967278,55.3352479],[37.3937954,55.3393096],[37.3965761,55.3408703],[37.3959999,55.3430095],[37.3932481,55.3430592],[37.3902754,55.3453063],[37.3853288,55.3460568],[37.3854898,55.3485814],[37.3885572,55.350511],[37.3835728,55.3517117],[37.3779577,55.3508216],[37.3743212,55.3512992],[37.3540525,55.3580799],[37.3498229,55.3564879],[37.3466996,55.3575333],[37.3439659,55.3564302],[37.3397106,55.3577141],[37.3351393,55.3526071],[37.3324223,55.3522588],[37.3290146,55.3544449],[37.3264486,55.3540877],[37.3242374,55.3573742],[37.31362,55.359406],[37.2864341,55.3689397],[37.2258408,55.3844217],[37.223591,55.3865462],[37.2166327,55.384221],[37.2130209,55.382365],[37.2052529,55.3830387],[37.1999921,55.3811434],[37.1944653,55.3778953],[37.1855234,55.3697983],[37.1853898,55.367871],[37.1763948,55.3678032],[37.168192,55.3696149],[37.1611852,55.3691126],[37.1620327,55.3658729],[37.159944,55.3649935],[37.1537925,55.3642918],[37.1496073,55.3664046],[37.1438979,55.3683845],[37.1426038,55.3674576],[37.1210522,55.3710023],[37.1122327,55.3735831],[37.1043749,55.3770789],[37.1061883,55.3805526],[37.1010582,55.3833498],[37.0933628,55.3830153],[37.0899683,55.3845939],[37.0867564,55.3874634],[37.0762394,55.3920214],[37.0702331,55.3930844],[37.0638049,55.3892704],[37.059099,55.3872365],[37.0588141,55.3919485],[37.0564626,55.3938876],[37.0527376,55.3947315],[37.0545868,55.3989197]]]},"properties":{"admin_level":"8","boundary":"administrative","name":"район Вороново","official_status":"ru:муниципальный округ","type":"boundary","wikidata":"Q131671178","wikipedia":"ru:Вороново (район)","id":"relation/2092922"},"id":"relation/2092922"},
{"type":"Feature","geometry":{"type":"Polygon","coordinates":[[[37.3713843,55.4478643],[37.3515992,55.4519658],[37.3362513,55.4531535],[37.3256193,55.4557992],[37.3178622,55.4569915],[37.3118116,55.4566935],[37.3117864,55.4528613],[37.3051173,55.4507976],[37.3018033,55.4509768],[37.2942087,55.4555373],[37.2908557,55.4509929],[37.2886577,55.4419996],[37.278797,55.4431869],[37.2700549,55.4429616],[37.2687467,55.4454548],[37.2688959,55.4553108],[37.2640555,55.4581077],[37.2664283,55.4604276],[37.2644245,55.4626104],[37.2597902,55.4751781],[37.2597268,55.4781182],[37.2610226,55.4804497],[37.2584,55.4831334],[37.2530926,55.4866751],[37.2529646,55.4889273],[37.2506493,55.492329],[37.2469313,55.4949485],[37.2470823,55.4966573],[37.243444,55.49726],[37.2087267,55.4935475],[37.2015317,55.4929483],[37.1956674,55.4884719],[37.1840257,55.4834696],[37.1525045,55.4805645],[37.1485589,55.4797942],[37.1470603,55.4817481],[37.1429682,55.480966],[37.1420643,55.4824008],[37.1384286,55.4823977],[37.1360554,55.4820958],[37.138993,55.4750881],[37.1391906,55.4733418],[37.1126288,55.469838],[37.1065184,55.4695509],[37.0933611,55.4704043],[37.0922795,55.4649172],[37.0954065,55.4631193],[37.1417996,55.4430806],[37.1500939,55.4389602],[37.1483286,55.4381244],[37.1413975,55.4426533],[37.1358267,55.4406366],[37.1339945,55.443159],[37.1305574,55.4415681],[37.1244078,55.4419544],[37.1170058,55.4380571],[37.1113948,55.4397999],[37.1084991,55.4395122],[37.1065015,55.4385182],[37.0997182,55.4371125],[37.1002463,55.4335837],[37.0967929,55.4314764],[37.0904299,55.4303108],[37.0860517,55.4259882],[37.0828725,55.4249238],[37.0772402,55.4259216],[37.0739793,55.421673],[37.0726793,55.418086],[37.0750219,55.4134904],[37.0738059,55.4124832],[37.0760998,55.4069594],[37.0643173,55.3989709],[37.0545868,55.3989197],[37.0527376,55.3947315],[37.0564626,55.3938876],[37.0588141,55.3919485],[37.059099,55.3872365],[37.0638049,55.3892704],[37.0702331,55.3930844],[37.0762394,55.3920214],[37.0867564,55.3874634],[37.0899683,55.3845939],[37.0933628,55.3830153],[37.1010582,55.3833498],[37.1061883,55.3805526],[37.1043749,55.3770789],[37.1122327,55.3735831],[37.1210522,55.3710023],[37.1426038,55.3674576],[37.1438979,55.3683845],[37.1496073,55.3664046],[37.1537925,55.3642918],[37.159944,55.3649935],[37.1620327,55.3658729],[37.1611852,55.3691126],[37.168192,55.3696149],[37.1763948,55.3678032],[37.1853898,55.367871],[37.1855234,55.3697983],[37.1944653,55.3778953],[37.1999921,55.3811434],[37.2052529,55.3830387],[37.2130209,55.382365],[37.2166327,55.384221],[37.223591,55.3865462],[37.2258408,55.3844217],[37.2864341,55.3689397],[37.31362,55.359406],[37.3242374,55.3573742],[37.3264486,55.3540877],[37.3290146,55.3544449],[37.3324223,55.3522588],[37.3351393,55.3526071],[37.3397106,55.3577141],[37.3439659,55.3564302],[37.3466996,55.3575333],[37.3498229,55.3564879],[37.3540525,55.3580799],[37.3743212,55.3512992],[37.3779577,55.3508216],[37.3835728,55.3517117],[37.3885572,55.350511],[37.3854898,55.3485814],[37.3853288,55.3460568],[37.3902754,55.3453063],[37.3932481,55.3430592],[37.3959999,55.3430095],[37.3965761,55.3408703],[37.3937954,55.3393096],[37.3967278,55.3352479],[37.3969977,55.3327612],[37.3941167,55.3318325],[37.390977,55.3331114],[37.3878856,55.3322657],[37.3888995,55.3295527],[37.3878519,55.3275317],[37.3922743,55.3275792],[37.4001581,55.3258258],[37.4102057,55.3222002],[37.4083712,55.3205341],[37.4142091,55.3190536],[37.417034,55.317126],[37.4238851,55.3163874],[37.4278176,55.3147269],[37.4249141,55.3172176],[37.4247546,55.3224923],[37.4229134,55.3239272],[37.4208414,55.3289206],[37.4153283,55.3305895],[37.4058534,55.3350078],[37.4052052,55.3361507],[37.4135544,55.3408106],[37.422863,55.3432068],[37.4223185,55.3463694],[37.419933,55.3513156],[37.4410265,55.3519495],[37.4430878,55.3529225],[37.4275721,55.3646524],[37.4314132,55.3671481],[37.4293322,55.3688048],[37.4342001,55.3700291],[37.4353002,55.3727901],[37.4382338,55.3745455],[37.4408831,55.3740663],[37.4451276,55.3750456],[37.4471078,55.3811656],[37.4489963,55.3815979],[37.4536979,55.3803332],[37.4568148,55.3739786],[37.4621777,55.3676752],[37.4654688,55.369186],[37.4675039,55.3712907],[37.4644879,55.3766404],[37.4692698,55.3798179],[37.4670528,55.3846863],[37.4639283,55.3882286],[37.4705403,55.3900254],[37.4680511,55.3924038],[37.4639024,55.3986548],[37.4613095,55.3994057],[37.4609465,55.40157],[37.4633838,55.4026522],[37.4620614,55.4048679],[37.4689586,55.4067817],[37.4655875,55.4090158],[37.4676881,55.4120447],[37.4658076,55.4129814],[37.4599771,55.4133144],[37.4561268,55.4122945],[37.4504908,55.4147951],[37.443536,55.413182],[37.4425603,55.4141316],[37.4377497,55.4137538],[37.4360151,55.4145858],[37.4392823,55.4185887],[37.4388367,55.4203019],[37.4354048,55.420764],[37.432456,55.4232928],[37.4285851,55.424064],[37.4289233,55.4263896],[37.4335436,55.4267923],[37.4302935,55.4290124],[37.425765,55.4273621],[37.426521,55.4323914],[37.3866836,55.4344334],[37.3865229,55.4384364],[37.3914808,55.4377533],[37.3955266,55.4403695],[37.4000303,55.4443934],[37.3980297,55.4451082],[37.3948177,55.4424419],[37.3893875,55.4421428],[37.390163,55.444124],[37.387714,55.4463702],[37.3786057,55.4463362],[37.3735957,55.4453994],[37.3713843,55.4478643]]]},"properties":{"admin_level":"8","boundary":"administrative","name":"Краснопахорский район","official_status":"ru:муниципальный округ","type":"boundary","wikipedia":"ru:Краснопахорский район","id":"relation/2092925"},"id":"relation/2092925"},
{"type":"Feature","geometry":{"type":"Polygon","coordinates":[[[37.6349112,55.7539883],[37.6430145,55.7526555],[37.6490324,55.7529756],[37.6576159,55.7547685],[37.6662121,55.7531496],[37.6705308,55.7507488],[37.6730467,55.7536944],[37.6707731,55.7583782],[37.6739117,55.7593699],[37.679468,55.7590578],[37.6841593,55.7602741],[37.6858452,55.7639835],[37.6890397,55.7677739],[37.6921989,55.7694899],[37.6972423,55.7668272],[37.7135295,55.7752599],[37.7077419,55.7801608],[37.6993516,55.7819726],[37.6882667,55.781899],[37.684842,55.7808113],[37.6805195,55.7775436],[37.6758868,55.7783862],[37.6643036,55.7731627],[37.6629987,55.7697322],[37.6547878,55.7695985],[37.6446919,55.7684735],[37.6369059,55.7647923],[37.634475,55.7623831],[37.6288346,55.7598288],[37.6349112,55.7539883]]]},"properties":{"admin_level":"8","alt_name":"муниципальный округ Басманный","boundary":"administrative","description":"район — административно-территориальная единица; муниципальный округ — тип муниципального образования (с 1 июля 2012)","loc_name":"Басманка","name":"Басманный район","name:ca":"Districte de Basmanni","name:de":"Rajon Basmanny","name:en":"Basmanny District","name:ru":"Басманный район","name:uk":"Басманний район","official_status":"ru:внутригородская территория города федерального значения","type":"boundary","wikidata":"Q1669860","wikipedia":"ru:Басманный район","id":"relation/2162195"},"id":"relation/2162195"}
]}